id number,business_id,date,review_id,stars,text,type,user_id,cool,useful,funny,id,Ariel,Ella
,SMpL3z4FLF07bRA6-y22JQ,2011-03-22,HP7I5z-axGcb1i4kZTHtng,5,I crave their jalapeno fried rice. AMAZING!,review,FpCmGLWHe5Y-kDS7ZYaF5w,0,0,0,7360,0,0
,Kqn4J9NTgZdMAnV4HuYh5A,2009-01-09,xqNBoDpFP7wEiftunn6HvQ,5,"Chai is alive and well, and living at City Center at City North.

I had been dating a gal name Starbucks for the past few years. She was a plain gal, generic if you will.  She was dependable and available. I was feeling as if i needed more out of my relationship, as you can imagine. 
So, at times, I would cheat on my gal with another gal named Coffee Bean. Coffee Bean was Kosher and a bit edgier, yet had a leaner list of qualities. 

I needed more out of my relationships. They say that when you're not looking for someone new, they appear. Well, that was the case with my new crush named Press. 

I had been to High Street for dinner Kona Grill, yet most of the other shops and restaurants were closed or not yet open for business at the time. 

I ventured back during daytime hours to give them another opportunity.  I had heard about Press, so I was more than excited to give it a go. At this point I was still making caffeine a part of my diet, so i ordered something called a ""Dirty Chai."" This was a Chai with espresso shots. Press uses a powdered Chai which, in my opinion, works better than the liquid or tea bag forms. I was also given the option to have my frothy delight in a ceramic cup.  I opted for that.  I felt like i was having the type of coffee house experience I had only just imagined. 

Press occupies a well appointed space, too.  From the wood and granite, to the stained concrete floors, I felt as if i were in a European city, not a Phoenix strip mall. The free wi-fi is a major plus, in my opinion. 
Press goes as far as to have a ""dog friendly"" cart outside, in its ample outdoor seating area. 

I spoke with Steve, the owner of Press, at length.  In talking, I asked how Press came to be, and he said that his wife had wanted to open a coffee shop one day.  Well Steve, you have certainly exceeded her expectations, as well as the residents of the Greater Phoenix area. 

By the way, Press serves sandwiches and soups, as well as an extensive list of wines. 

Check it out, the staff will make you feel at home, or like you're on vacation in the cozy European city of your choice.",review,QcLcoQQgq0bEgx-lkh96qg,4,3,6,3959,0,0
,7QSYBp2-AOdyUJXEaLnbgA,2012-11-29,aKDiEOhSMwcq0IHH8Ra7WA,5,"The chicken was unreal good!  And, the cornbread, just as reviewers stated was heavenly.  It was light and very good!",review,tVoCVBUg-ubBMLQlX5_SVQ,0,0,0,2134,0,0
,WGtu9DDt6evtT_IOZ6tNBw,2008-12-15,hzdVypwYzY5hMO3i8JCU_w,4,"I came here on Saturday becuase I had to get my Jeep serviced, and I wanted to check this dealership out.  I made an appointment, and dropped my Jeep off in the sevice bay.

I was greeted when I walked into the dealer, and I had a decent experience here.  I DO have to say, that I didnt like waiting 3 hours, but that seems to be at most any dealership you go to for warranty work, so I cannot blame them for that.

What I DON'T like is going for service and tying to be ""sold"" on a new vehicle. Im in for service, not to buy or trade in my car.  Why do the salesman do that?  I know its thier job to sell, but not every single time.  Geez.  Annoying.",review,JffajLV-Dnn-eGYgdXDxFg,2,3,1,5904,1,1
,PN3aQAH-RONnK-ahkNm0xg,2012-09-06,3G-S4u-1_LKq0GdFIj5ERw,3,Ordered the Philly Egg Rolls. They came out still frozen in the middle. It's hit or miss if the waitress will be decent or not.,review,JC7nd7_Vf3QL9-PAnEpU7Q,0,0,0,3745,1,1
,y2CMEHwaKWz5RMUC_pcT0g,2011-02-01,yaAp8IkVV0O8ixggea6TRw,5,"I finally found a reasonably priced salon and a stylist who understands what I want.  Very happy with the service.  Also, the waxing lady is very nice...I think her name is Maria, does good eyebrows.  Only downside is that sometimes it is hard to get an appointment on short notice...but that's my fault for waiting until I can't stand it anymore to get my hair cut.",review,aAQYtxiPJsmfKtqw8m56Lw,0,1,0,4121,0,0
,d_8bMNQd0mesbEUeq1U2kQ,2011-06-19,6hfJkOJ9WvNWiydtWKWw6Q,3,I have been by this spot many times and I needed a place to eat lunch so I stopped in... I entered the restaurant and was seated right away. But then I sat there for a good 10 minutes and watched the workers walk around  then I got to see the owners little kid decide she was going to sit with the consumers in the booth a head of me... Then the kid started crying and it just does not need to happen I was kind of shocked please leave your kids at home if they are not working at the restaurant.  I ended up getting up and asking the staff if I could just get the lunch buffet. I got a bit of everything to try I enjoyed the rice and the chicken dishes... The fish dishes on the other hand not so good the fish puffs were cold and not good and the one fish dish super fishy tasteing. The bread was really good that came with the meal... So all in all I would say I will not be going back anytime soon nothing to write home about.,review,LXWAXIeYFIdgd2JVPF-9qA,0,2,1,6037,1,1
,HKr_xfeyrv2Bh7urZsQEVA,2010-05-19,jX2VkpXLdidPJ0cFTMVnJQ,3,"Really like this place, wound up there one night by accident, as my friend  and I got disgusted with the lousy service at the ""other"" bar in the same shopping center as Tony's.
The place had a good vibe, jukebox playing, people shooting darts,  we felt totally comfortable, and found a table, to sit and catch up.
 Service was really good, The bartender, while waiting on another customer, made eye contact, to acknowledge me, and said she'd be right with me.  I like that in a place, ---nothing worse than standing at a bar waiting to order drinks and feeling invisiable.

My beer was good and cold,  my friend ordered a vodka and orange juice, and commented that it was a nice ""stiff drink"" -  

We both said we were glad we stumbled upon Tony's and will be back.",review,mJYDA1COTEzU6LI-sZIgsw,0,0,0,2346,0,0
,gI4jThFNwy73SzaNvi-1dw,2010-11-25,_aQfc-QTRf13VkAWB5gDyA,4,"Second visit to L&L.  The first was at lunch with a group of moms second with my family.  The service was excellent which is saying a lot.  They didn't have to ask what we needed they surveyed the table and kept the meal moving.  Which I appreciated since we had the three kids with us.  This is not traditional chinese, so get the asian nachos.  They are a giant appetizer very unique and quite tasty.  EVERYONE enjoyed their meals and the happy hour deals are pretty good.  I see more visits in my future.",review,BEcT2wCP-G0LfkKZSlYdzw,0,1,0,9896,0,0
,MbFxBwpqiXRWSvoTXt6Erg,2011-04-01,Fyi9QGf2dkumcd2wmDIrpA,2,I had a mammogram completed on 12/12/10.  This facility has been covered by my health insurance for over a decade.  But not this time.  The doctor terminated his contract with the insurance provider on 12/01/10.  Screwed for $300.,review,YP5eyNuicdw4pc6GzeBEQg,0,0,0,7674,1,1
,KTF-E3NfkJy2wiwcgOPyVQ,2011-03-20,6WaU71YvB_sU_Adt2K6Z-Q,5,"Don't judge a book by it's cover.  The outside doesn't look so great, but you go inside and it's gorgeous.  The food is some of the best food I've ever eaten.  Their sugar cane chicken appetizer is fantastic!! The pad thai, chiang mai noodles, pad kra po, pad lard na, etc.  This place is so flavorful with fresh veggies and fresh herbs.  And don't get me started on their fried honey banana dessert.  The best dessert I've ever had!  Check this place out you will not be disappointed.",review,1vIg1iRDdx8RokPAFNkFEw,0,0,0,5008,0,0
,RC11zxI3ZW2UPFeXpGofdA,2009-01-06,QZTn1Bo8RQPRPUHKlmdGow,5,"Love their pizza and atmosphere. Their Caesar salad is really good too. They had a great deal during the summer, where we got 2 salads, 1 large pepperoni pizza and a bottle of wine for $40.",review,EKwGhgLrM18ErVKKeYE2UA,1,1,1,5838,0,0
,m9Wqqma30o-hH2fAX7dnug,2010-12-20,4jI2mKO_ZoJ0YLCri-vpRw,5,Love it here. Come regularly now lol thanks to everyone on yelp. Great food cheap price great service. Tho not 100 percent authentic Chinese food still great,review,M8DaT0zmcumO5gfdrf0KEQ,0,0,0,6926,0,0
,IVc23uY-36WUNYoIbz42Fg,2012-03-12,lzSjJafXh1eGE0yaYJQkuw,5,"The waiter got the drink wrong: ""up"" means served strained without ice, not on the rocks, but I was happy about the mistake, The Salmon melted in my mouth and the bread pudding made me fat for hours, but was so worth it.  Great atmosphere and none of our plates were empty when taken away.  I would definitely go back.  Good service, great food, fun atmosphere.  Great flexible hours on a Sunday.  GO !",review,1_zj7B1bRgE7dC6tywUcTQ,0,3,0,3040,0,0
,kEyCMHBnohaWc81omLDfYg,2011-04-21,T3kWEIgAz9c98uTelDSO2Q,4,"I met fellow Yelpers Brian S and Shannon M here and learned that it's all about the sandwich.  And feeling like you have walked on to a set for ""That 60's show"" or ""That 70's Show"".  It's pretty clear the owners of Casella's are focused on the sandwiches, not updating the decor.

I had an Italian beef sandwich.  It was great.  And I sat and soaked up the 70's decor as the bread from my sandwich was soaking up the juice.

This place is old school all the way - old school awesome.  F#%*ing A.  Now where's my Trans Am?",review,P2kVk4cIWyK4e4h14RhK-Q,7,8,10,3602,0,0
,eIxSLxzIlfExI6vgAbn2JA,2011-04-21,TeOHcNOhqCK31DXa5do3ew,2,burgers were terribly unoriginal.  french fries came strait out of the safeway freezer section.  the guy working was so hungover it was kind of sad to watch.,review,5bs9-7Fwjuv4HiQNFVZTEw,0,1,1,4022,1,1
,-tBiXT917wKlr6n9wSqViw,2011-01-06,16_yl1x4hfTRCXUkwunmfw,4,"Although I am limiting meat in my diet, I went to the Keg for a date.

I had only been one other time for drinks with a couple of friends and it was nothing worth writing home about really.

I think what I really loved this time was the salad.  Yeah, I know, a steak house and I'm blown away by a salad!!  It was the spinach salad with walnuts and cranberries.  It was soooo good.  

Of course my little girly sized fillet was incredible too.

Oh ... and the date ... yeah it was good too!! ;-P",review,uj79HTtyOdAdd_TaPcdxjA,1,1,1,9788,0,0
,_A4x1TNYwm0XY1V882aUJw,2011-03-06,FLaC8K2RxdeqNLpll5qynQ,5,"As an artist, I've come to be very picky about the stores from which I purchase my art supplies. Arizona Art Supply is a GREAT store!!! Every time I visit I overhear the staff's experienced recommendations; they take the time to ensure that every customer's needs are satisfied. 

I am always immediately welcomed as I delve into the fully stocked and well-organized aisles. Yes, this is my kind of art supply store!  As I browse the expansive selection of everything from  drawing supplies to paint, easels and canvases to ceramic tools, an overwheming desire to create comes over me. AZ Art Supply has a HUGE selection of my favorite brands--Prismacolor and Golden Paints!  

Although this store is smaller, the prices are reasonable--they beat out Michael's prices for nearly every item. If you're looking for exceptional quality, a diverse selection and a knowledgeable staff, Arizona Art Supply is your best bet.",review,qZrArI2ohkYkQlELl13BKQ,1,4,0,416,0,0
,O510Re68mOy9dU490JTKCg,2010-06-26,dbCgw1pJ6yLOYo7LexBpYA,4,"I unashamedly adore this place.  And it's not b/c I spend gobs of money here... it is b/c I don't have to drive and zig zag all over the Valley to sample (and decide if I like) many of our infamous local food offerings...

Essence's macaroons from Tempe, Tammie Coe cupcakes and MJ's breads (what I always look fwd to) from CenPho, growing selecting of gelatos from all the places you read about... it's a one stop sample shop (ok, you pay for it), and a place I always hit when I'm up in N. Scottsdale.

The $5 cheese boxes are great, a mini variety of 3 cheese in their to-go section is a great way to try new cheeses w/out risk.",review,xdWsnbaTEfBMVHttqZDHxg,1,1,0,9153,0,0
,omVy2vGYfu_Zzh-LffvOkQ,2011-06-08,5sDOpCncmCsKT3qgtud5TA,5,"I just went here for the first time a week ago (visiting my parents who just moved to FH). A++

Great location, view of the fountain, outside seating, nice decor inside, really wonderful owner and a big menu of pastries, croissant, sandwiches, Italian sodas, and coffee.

I had the egg salad sandwich (the croissant and egg salad was SO FRESH!!) with a side of potato salad was probably one of the top 3 potato salads I've ever had!

I also got an iced mocha which was just the way I like it, on the sweet side.

I had my 14 month old daughter with me so I also shared the potato salad with her and ordered a yogurt with granola.  This was no ordinary McDonalds yogurt parfait - it was so delicious I had to have some too!

One gripe (that could be easily fixed by the owner) - PLEASE BUY ONE HIGHCHAIR for your guests to use.  We would love to come back often (as we go see grandma/grandpa) but I can't take another lunch with her on my lap:)",review,bx3foDJoXw-EXvr0oxpgcg,0,0,0,6474,0,0
,lktu5JPDlQUG-7cV7gOzDQ,2010-08-03,Dmr1b9eAYoRO2_qxFse12Q,5,"I can't believe I haven't yelped about the place yet. Several months (maybe over a year?) ago my husband read a newspaper article about the Clover coffee maker and the one place in town that had managed to procure one. I was skeptical (as is my nature). It can't be that much better right? You're just saying it's amazing because you want to talk about the new hot coffee shop you discovered, right? Well, maybe. But I love this place. And I don't think it has a whole lot to do with the Clover. They roast their own beans and they roast them way differently than that other ginormous coffee chain - all a light or medium roast. Never bitter, never oily, never yucky. The coffee they make there is, obviously, the best. But I send my husband in every week now to buy a pound of beans so that I can approximate the same coffee at home. Add an edgy (though sometimes intimidating) seating area, great local art (which we bought off the wall), and smiley service...I'm sold. Can't wait to try out the downtown location.",review,Xfv8_MeZi8Dev5hx5-ISwQ,0,0,0,3982,0,0
,FqzgT9Y-Yu7jiWdHnGW-kQ,2009-03-24,YquYQb3MtCNXt6SEtiFstQ,4,"The Vig is a great place to meet up for a drink. I haven't found too many other places that serve Hoegaarden (my favorite beer). The atmosphere is one of the best I've seen in Phoenix, and the food is pretty good as well. I'd recommend the ""Big Azz Burger"" or the ""Hot Vings""!",review,oERfYLY8vainWu5m1ZQS2w,1,2,0,491,0,0
,e8FMAuTswDueAlLsNyLhcA,2010-02-11,4vvdwQyS5uCSo74iw81irw,1,"I'd have to disagree with the person who said this restaurant is dog friendly.  I was told off by the owner because I had a little dog outside table and that was right after I finished paying for an overpriced breakfast dish and coffee.  I went here before that on several occasions and many times my order was forgotten, after paying....and the staff is real unprofessional blasting music at nightclub volume at early breakfast and lunch times.  I'm a neighbor, but will never go here again!!!!",review,W5Pd_GmMem2LdHZkoxQCtw,0,0,0,4935,1,1
,kgPjOtSeMd3CMdbnEmHbeQ,2011-06-02,RLZsqwzzm0dDuJfkobFjJQ,2,"So everyone in Old Town has been waiting for a good sports bar forever. When everyone heard Thunder Dan was coming to town the excitement starting buzzing. Well this time Thunder Dan didn't hit this buzzer beater.

First off it does get two stars for a reason so lets start there. The atmosphere is great. The venue is super cool and there is tons of tvs. 

Thats pretty much where it stops. The food isn't great and is relatively slow. I have had a burger, wings, the chicken quesadilla and a couple of other things which didn't impress me. Plus the service was super slow...

This kind of reminds me of the Suns-Bulls series super exciting but just misses the mark of greatness. I am sticking with my old faithful two blocks away Zipps.",review,b927p9pWxM9EYoNr_6PxYQ,1,0,0,6785,1,1
,kode9F27RF4C7XdSsnokiQ,2009-09-13,FyZj0aOh1Yt9jDnZ4O4BZQ,4,"I really wanted to have a Birthday cake for Zoey's 4th Birthday and The Bone Appetit Bakery did not disappoint. 

With just 24 hour notice I was able to choose a bone shaped cake from one of 2 sizes, I chose the small (see pics) A very tasty Peanut Butter and Honey cake with cream cheese frosting. All natural human grade ingredients, no sugar, salt or additives, Zoey went nuts for it! 

I also purchased her a cute little party hat to wear for her birthday (see pics) they even sell invitations if you are planning a big doggy bash! ;-) 

Your dog would just Love it if you brought home a Birthday cake for them, or even some of the house made baked treats they sell here. 

Go Now!",review,UsULgP4bKA8RMzs8dQzcsA,6,5,3,5791,0,0
,rDvz5jX65gpfONFu7er9Tw,2010-10-11,-iEBSKeCRLo7xPww6C8T_w,5,"My son comes here for the tacos but I am all about the chile relleno.  I never had one with potatoes inside, but oh my, this was the best!  My only recommendation would be to order it dry, with the sauce on the side.  I am counting the days until I get back to AZ.  The new location is so much closer to us, I plan on trying all of their menu, but....but... that chile relleno is ....calling....me.......! The tacos were very very good though.",review,byIGqd1Chrzuv8RT0al35A,0,1,0,1118,0,0
,_L5kScT8_QCmFoHV6fmrqg,2012-04-26,NEcGg4OWpzRx3_Eo2hOptA,3,I am not going to complain about the quality of my manicure! They did a fabulous job...On the other hand their customer service was a little off. Very unorganized and they could just not get it together. It took them forever to assist us since we didn't have an appointment and are not regulars.,review,xaEtXJM62xy-jdGyevR7VQ,0,1,0,1593,1,0
,OE5nAmaSVaopeRS1Cs9Kuw,2009-12-02,CLegdxmPfC1u9IU-r_uGMw,4,"Come with an appetite!

I went for a work event which was real nice. We had the private dining room and the whole 9 yards.

All I can say is if you're not a fan of red meat or have a cholesterol problem don't bother. The ambiance is not as format as I assumed it to be due to the location and hype. Although, the meat and presentation is great. Anything you want sent right to your table and cooked however you would like. Just don't leave your card on the green for too long otherwise you will have more meat than you can handle.

On the other hand, the specialty drinks are good. I don't recall the name of it but they served a traditional Brazilian drink that was wonderful. Not as strong for my liking but good. The salad bar was great too. Everything was fresh and there sure was a lot to choose from. Probably the best I have seen in a while.",review,PQOk3AaaODhSykbqYsSgEg,0,0,0,654,0,0
,VQTjhYGMIyqSRJHgHLFvjg,2008-02-07,4DvCwt3_8fdLxN5dHSyeCw,3,"It's kinda comfy setting....For the Non-(official), Yelp event, they had penne pasta...but Sonoma's specialty is rotisserie chicken......Nice but I sure would have liked to taste what the place raves about---Chicken!  Oh well, the pasta was ok for what it was.  What I truly enjoyed about Sonoma was the layout.  You can easily entertain a fairly large crowd and not be on top of each other.  I need to come back and try their chicken then re-write this review.

The parking upstairs for the event was nice also, but later on at night, it seems a bit spooky to be walking up in the parking area alone and in the middle of city center where there are some pretty curious characters about~~~I would prefer coming with more than one person if parking at night in the upper garage (personal preference).

The Yelp folks!---Way too cool!  I am so glad to have discovered Yelp!  Best thing I've done in ages.---Cheers Yelpers!",review,meuqHEjGCmrO3zDlr6OU7w,2,1,0,6135,0,0
,xY1sPHTA2RGVFlh5tZhs9g,2012-09-08,U6JOtnI0fBeVYJhYfYSzbQ,2,Don't get Breonna as your server. Didn't ask if we wanted another drink after we decided to stick to appetizers. She didn't appear to know where the water was or remembered we were at one of her tables. Food was good as always.,review,WKxEVjx7cJI13lSk7ZIqZA,0,0,0,9302,1,1
,eIxSLxzIlfExI6vgAbn2JA,2011-03-11,6fcnPIcE3WjOVd6hiwULzg,5,OMG this place is good. Great Italian beef. Great burgers. FRY SAUCE. I don't know how they're pulling off such good food with what they have but it's awesome and I will be eating here if I'm in the area and hungry.,review,GeGDZ02UfARKBRl7LqKZuA,0,2,0,4392,0,0
,RiJ8Agrw__NG6flFL7BpbA,2012-12-14,1w8mCNXZRHbaHW_1I2aJOQ,4,"There's no better way to find out about a new eatery than to receive a gift card to one you've never been to (or heard of, for that matter). This happened to me when I received a gift card to Paradise Bakery. Being new to Phoenix, of course I Yelp'd it to find one nearby. I located this on on the SWC of Bell Rd and 7th Street while up at Sam's Club. 

Paradise Bakery has sandwiches, salads, soups, sides, and of course -- the bakery items! At this location, you can eat in or take out. I like the Turkey Bacon Bravo or the Turkey Cranberry with a side of their excellent mac 'n' cheese and a drink. Getting this combo also scores you a free cookie! 

This location is in the shopping area with a huge Target and many other stores, so the parking is hit or miss, depending on the time of day/week. And PB's prices are just a bit steep for what they serve...good food, but still a bit pricey.",review,aTi0NVrcPJWbN6jAsJVcAw,1,3,0,7317,0,0
,vWnlScr9y2F6_ctDJZ6XLg,2010-09-10,s_Axvp77G4vYn-l86Y9qrg,4,"I actually have grown to love this little place. Their coffee is good; their breakfast burritos are absolute heaven. Made with provolone cheese, these burritos have a more mellow and sophisticated taste than the average breakfast burrito you'll find drowned in yellow cheese.

You can get a Big Ass Burrito, or a Half Ass Burrito. Personally, I don't like to do anything ""half-assed"", so I opt for the Big Ass Burrito that, although adds circumference to MY big ass, is soooo worth it in the morning when you want a laid back spot to enjoy your meal and coffee (go for the iced).

They also have an art exhibit /sale right now for the month of September with awesome aviation pictures printed on canvas. Amazing art to enjoy as you sip your coffee.",review,vN25DTdMDr718zMCAgJvQQ,0,0,1,1107,0,0
,NN2qs5B713vM6BDcMyrg4A,2012-08-28,IuO1HnfccQDzJ7upwOaE5g,5,Friendly group. Great specials....Try THE BASIC breakfast. It's more than enough.,review,vynHUkNRnqlWyuaCM9NZcQ,0,1,0,3062,0,0
,rLv5DPLnO67TCHIbbBWYPA,2012-03-15,LR50AbUcCHlfYCMhJW45Dw,1,"Went for lunch. Took over 30 min for food to arrive. Ordered chef salad. Made with processed turkey and ham. Also with processed cheese slices. childs choc milk was not mixed up. Kraft mac & cheese on kids menu. 
Won't come back again.",review,ItWQ-pBKzau5hg33tAxwRw,0,1,0,9161,1,1
,h762dZ33uhSKtLZ-21u6Jg,2011-12-04,TSnRYXMdWMIVBR1q_UGRvQ,2,USE to be the best Pizza in town. Unfortunately that was like 10 years ago. Now this place is overpriced at about $10 for 2 slices and a drink. Trust me you can find better pizza almost anywhere and they charge for ranch as do most pizza places. But isn't a pizza joint charging for ranch the same as a burger place charging for ketchup?,review,nGvxLe5jdJGbxTYt9XjScw,0,1,0,7042,1,1
,Trar_9cFAj6wXiXfKfEqZA,2013-01-01,kWe7WzAeLPnz6aBz0RCTeA,5,"Bosa Donuts at Southern and Mcklintock in Tempe is part of a strip mall that I have been visiting since I was just a kid. Except, back then, Bosa Donuts was a Taco Bell. A few years back Taco Bell moved a half mile down the road into a new building and Bosa Donuts set up shop. About a year ago I discovered another new store in this strip mall which is Fallout Games, an awesome video game store. For this entire last year I've been driving past Bosa on my way out of the complex after visiting Fallout Games and taking a curious look as I drive by but until this week I had never tried it. After reading all the positive Yelp reviews, I had to give it a go.

Well, first off, It's 24 hours, which is huge in my book since I'm almost always up until four or five in the morning. The drive through display is lighted and shows their menu but you have to actually order by pulling up to the window. Since I was there at 3am I asked what was fresh at the moment and the guy was very patient and helpful with listing off what he had available. I just got a few frosted donuts (or raised, as they call them) and was on my way. Right off the bat, I noticed the box was pretty heavy. I only ordered a half dozen but it felt at least as heavy as it does when I get a dozen at Dunkin Donuts. When I got home, I opened the box and realized their donuts are at least thirty percent bigger than Dunkin Donuts of Krispy Kreme.

Anyway, the donuts are awesome. Best tasting donuts I've ever had. I probably shouldn't make it a habit to come here twice a week, if I want to live past forty, but I'll definitely be stopping by once or twice a month from now on. Hope this place sticks around.",review,GyOwPYGX7-ntxcmvK5Ac0g,0,0,0,8762,0,0
,V6BYjHM9SnXscfkln3hCdA,2010-03-01,v6qClAjOR2gnWTZZIsKyrQ,4,"Orange Table is one of my go-to spots in the valley.  The food and atmosphere are superb.  The wide assortment of beverages certainly strengthens OT's menu when pairing food and drink.

I will admit that while the location may seem hard to find, there are times where I've had to wait, and wait...but if you enjoy great food then it is worth the wait.

Their salads and burgers (especially the wine burger w/ cheese and red onion) are fantastic!",review,6svwwImg6nLwUc5DPp2L9Q,0,0,0,8528,0,0
,CIpzeDYD252nq0nRA4px5A,2012-01-03,uxhJaxosyQfFDUdIg_jbaQ,5,"We had a bad experience in May with a person at Charleston's we thought to be a manager (see review).  The next day my husband and brother-in-law contacted the restaurant manager, Chris, we had great and immediate communication with him and he encouraged us to give the restaurant another try as we had been happy there before.  
Recently, we had a large party of family members dine at the restaurant and the service and food was perfect.  Chris made a point to check in with us at the table and at the end of the meal.  Great job, Chris and team!  We look forward to dining at Charleston's with you again soon.",review,lp3RMxwrm3BB0xbuH1vrmQ,0,0,0,6628,0,0
,JXBdcBb3ivm89fhr6-yfSQ,2011-08-31,zvbIvnurRt0vZ9h9rRf5Bw,5,Great fruit and vegetables. Bulk items like nuts and cranberries are a good value. Check out the meat and deli. Cage free chicken and grass fed beef. Salmon and Tuna are fresh. They do have some good values here. The cashiers are good and give the nickel bag discount.,review,Z0_C4HRVvkLkyEsVGGMnkg,0,0,0,8028,0,0
,Q6exnM7RmHdNMZqegdrmoA,2012-03-02,FqL-yYe1gYKzZXkz1h0irg,5,"I have lived all over the US, and I have experienced extreme lows and highs with dentists, but this dental group is by far my favorite I have ever been a patient of. I can't say enough good about them, so I won't ramble.... Just love them.",review,3ArIdn_lcSJdYLQo0a8srw,0,0,1,9465,0,0
,W7xb2iS4cYL14Yi5LOGSkA,2011-01-17,TmoJw79_wE9KtxV5dpx_uQ,5,"Bison Witches is a bit religious for me.  The hearth is in Tucson, but they did a good job of transplanting the same food experience to Tempe. Their filling sandwiches offer a sort of primitive bliss with the roughly-cut thick slices of bread - best tip is to go with the half sandwich/half soup (their half is really a whole) - Their chili is the best thing going...",review,i_GGKzPs5t31yJE_HTCp-Q,0,1,0,2987,0,0
,TDX5Peai64ZdDvU5xHV5cQ,2011-06-06,n-suBhJOCH3mL53DvyrLPA,5,Jake's been taking care of our cars for almost 7 years. He's very trustworthy and fair.,review,NPoOEAPspruMOik-9sKQtQ,0,0,0,6532,0,0
,-Ogv7rpcgUHkFaSy3vD8Sw,2011-01-14,nDtHTuCxgTdsBzYc-wb8Lw,4,"Alot of the items is presented neat and fresh. I like how they have fresh spinach and beef cube. Didn't care for the sushi or the mongolian BBQ though. But for $7.95 weekday lunch buffet I think the value, variety and quality is there.",review,3gcWln_pMrg_Qt89BlfEUg,0,0,0,4577,0,0
,a8yzGF79KcfyRye2R6wt3Q,2012-03-05,Zb6qK9ORkoIJslTVC1kEVQ,1,"I really wanted to like this place.  For starters, I paid cash for my take out. I was owed back five dollars and was told "" we don't have enough change"". So I had to settle for $2.50. What kind of restaurant doesn't have proper change?  Especially on a Saturday night.  
     The food:  Chicken lettuce wraps had a strange fishy taste. Gave up on them after a few bites.  Vegetable chow mein:  In my opinion, a broun sauce is thick and flavorful. This one was very liquidy and flavorless.  Dumplings were edible at best. 
     Do yourself a favor and stick with China Chili.",review,cAmALWTTej6W5Rr5xcg4DQ,0,2,0,3069,1,1
,vvA3fbps4F9nGlAEYKk_sA,2012-05-04,S9OVpXat8k5YwWCn6FAgXg,1,Disgusting!  Had a Groupon so my daughter and I tried it out.  Very outdated and gaudy 80's style interior made me feel like I was in an episode of Sopranos.  The food itself was pretty bad.  We ordered pretty simple dishes but they just had no flavor at all!  After trying it out I'm positive all the good reviews on here are employees or owners creating them.,review,8AMn6644NmBf96xGO3w6OA,0,1,0,32,1,1
,b5cEoKR8iQliq-yT2_O0LQ,2010-08-14,7FrG3kWOaZviZeKbb7-_uA,5,"The place did not disappoint. The moment we stepped through the archway, my friends and I were bedazzled by the ambience throughout the area.

 It really DOES feel like a tavern, almost like something out of Pirates of the Caribbean (Well.. kind of)

But yeah, the portions were overwhelming, and best of all? The food was spectacular. I sat outside, but honestly? I think the place is pretty both ways, so don't be too stingy on the location :)

Jus go.",review,c4Ic9brP8hle_qMjbeejFg,0,0,0,7928,0,0
,6oRAC4uyJCsJl1X0WZpVSA,2011-07-28,u9aMNOK1_eVF8PL_CpVSrg,5,"Love love love this place.  Tasty with great prices... who can beat that?  My newest thing is to order a gyro-to-go and enjoy it at home.  I'm a mom now so eating at a restaurant is a lot harder than it used to be. haha

See ya there!",review,fPHLPrymsyb6WSFFKoMrTQ,3,4,3,7926,0,0
,PZUZH0vsLOy2AB1FubByhg,2012-12-26,Nub4DaQLsxk9Y_7Fp6eS9A,2,"Service. 
Was great until checkout.....
Matthew, a twenty something with brown hair, was fine during the first few minutes of bagging but he asked me if I wanted my pizzas in a bag. I assumed it would be put in one bag per pizza. They were digorno pizzas with the bred sticks or wings.
Matthew told us that they wouldn't fit in a bag. So my boyfriend said it was fine without a bag, but I knew they could fit one in a bag per box. So I asked for a large paper bag. Matthew held up the box to the bag And told me it wouldn't work. I just stood there and continued to place groceries on the line. When I noticed he put one in a bag and the inter in another plastic bag. THEN... Things were getting hostile between the cashier brittani and him. They kept discussing work related topics sucks as the time of the checkout. The cashier seemed irritated with the day that the bagging area was over crowded and backed up. Seemed like she wanted to say something. After that i noticed he was doing s terrible job bagging which caused bags to rip. putting a wide variety of packages in one bag  Matthews attitude changed as well giving a sarcastic goodbye. 

Store
Clean but carts were hard to find when store is busy. 

Overall
I like that I have a marketplace close to me but that was some surprising service at the end of my trip. I'll be back but hopefully I will be able to have a better bagger",review,8BxNrCQ400-Wri_-rjLQWQ,0,0,0,1753,1,1
,Bc5bgPG1MlTc75G0A-_7fg,2006-02-09,-EddE6xa2YBdiBllClqZ7w,4,"A perfect way to top of an exotic shopping experience at 99 Ranch.  The Taiwan Express has photos of many (not all) of their dishes. Very authentic.  

Also try some shaved ice for desert (brought me back to Singapore!).  My kids love the shaved ice, though they are more used to Asian foods than most kids.  

Note that the Buffet section (to the left) is better than any mall food courts, and may be more tame for some taste buds.  

AND - in between the buffet and Taiwan Express you can buy a whole roast duck for about $12.50, which they will cut up for you.  Be sure to buy some Plum Sauce (elsewhere in the store) for a sweet dipping sauce for the duck (yummy!).",review,cFC35FulkCpmFlVrhK8iHw,0,0,0,840,0,0
,A5jJS6lNQbJXjPzBkTnjNQ,2012-05-10,uOVl50PKs9Y0G2VDnyQw5Q,3,"Lavelle's just opened the end of April. So far I've been twice once for lunch and once for ice cream. Both times I waited about 15 minutes. Understandable considering their new. I wanted to make my own type of sandwich and the older women said they don't do that. Okay. So I wanted to get the arizona sandwich with a different bread, she says the bread change is 1.00. Really?! Sandwich also had no mayo/mustard. All in all it's good to have new restaurants out here, but this one is just okay.

**Update: I have went in on 2 different dates to get ice cream. Only to find out the 2 flavors I want are gone. Should get back-ups of their items.",review,XvRFOE5-d32wLTrleI9Utg,0,0,0,2497,1,1
,NtmLlKfCFfM0K5j6WWKxQA,2012-08-06,k1ZBs68QktWpk7dBL5IM7g,1,Will never eat here again. Sandwich was meteocre and overpriced. On top Of that I was charged more than I was told the total was. Horrible first time experience!,review,0wudtUcAW7jpufwV2xB3kw,0,0,0,2760,1,1
,FCJHirFzEtj4M1VcuaKieg,2012-10-21,EhuilB1OjYUS16-1CEMM4Q,5,"Any parent with young children can vouch for me on this one...keeping the attention of a three year old is, to say the least, difficult. They need constant stimulation, otherwise, there very well may be hell to pay!

Enter, the Children's Museum of Phoenix!

The facility is an old school, converted into three stories of pure fun and energy! 

After you pay your standard $11/person older than 1 (or your $22 for up to four people with a Groupon), you encounter a three story art project that can only be described as AWESOME! There are multiple ways in which your children can traverse this mammoth. The various pathways challenge children in strength, balance, and critical thinking skills...all of the ways you want to challenge your child!

After your child has lost interest in this room, you progress to the second floor. Here, children get to experiment with a really cool board that can only be described as ""Plinko-esque"". Here, children can alter the path of a falling object by changing different platforms. My daughter thought I was a genius because I was able to predict where her object would land every time...it's a shame she'll ultimately realize how routine that feat really is.  

After Plinko, children can either go to the trike wash, build forts, or they can head to the art room. After some laps through the wash, my daughter wanted to head into the art room. Being that we went right before Halloween, our child had the opportunity to make black play dough (to make spiders), she got to paint on a giant rocket ship, and then she was able to make a spooky tree out of a brown paper bag. Such simple activities...such great opportunities!

After cleaning all of the paint from her smock, we made the journey up...to the third floor. Here, children get to play grown-ups. There's a mock supermarket that allows children to either shop, ring up merchandise, or work in the stock room of a miniature grocery store.

After shopping, our daughter wanted to work at the little ice cream stand located just outside of the grocery. We had fake ice cream cones and sat at the tiny bistro set while we watched children make their way through the noodle forest. We then made our way to the end of the hall to race miniature race cars on roller skate wheels.

Being only three floors, our day at the museum only lasted a couple of hours...but in those short hours, my daughter never stopped smiling!

How on earth could you rate any place less than five stars when it brings so much joy to YOUR pride and joy?",review,v6rb-4YhADpuD99f3RKmgg,3,3,2,6211,0,0
,l3WML3zeuotwUHzhbwCj_w,2007-07-26,BCfR-9xzSG3aDCGlV3_pTg,4,"I'm pretty much in agreement with the previous five reviews.  A great way to spend the day when it's hitting over a hundred degrees!  It's about a forty-five minute drive from Phoenix.

I went on a Saturday afternoon, around three or so.  So, I missed the huge crowds and rowdy bunch, along with the sun at it's hottest point!  It's about a two to three hour ride from the shuttle drop off point two to the pick up point four.

Rentals are $14/pp, which includes your tube rental and shuttle service.  This is the all day rate, so if you get there in the morning, you can go back again and again.  It's $10/pp without the tube rental.  You can also rent a tube for your ice chest (styrofoam coolers are not recommended as they float away), which is a must as you need to load up on TONS of water and your beverage of choice.

Bring along tons of sunblock and reapply often.  Bring a hat though because you'll be glad you did when you see all the sunburn faces around you.  A few old bedsheets will feel like a godsend on your hot tube, so think about bringing those along too!  And bring along a pair of cheap water shoes or old sneakers because it's definitely rocky and you will need to climb out of the river at the end.  Flip flops or loose sandals are not recommended as you see them floating on by in the fast current.  (Don't be foolish and bring your new expensive sunglasses aka 'spies' to show off because you'll look like an idiot when you lose it!)

And yes, the river is dirty - with river grass, pee, marshmallows, every other kind of food possible, etc.  But you hope with the quick current flowing, that it makes the water less dirty...you hope at least.  And please take your trash with you!  (The shuttle drivers offer decent plastic trash bags for free, so please take a couple with you on the river!)

They require that children be a minimum of 8 years old AND four feet tall before they'll allow you on the shuttles to take you down to the river.  It can be a fast river, but also because of the mostly high school and college aged crowd frequently and dominating the river.

It's open 9 am to 7 pm, seven days a week.  The last tube rental is at 4 pm, and lost tubes will cost you $20 each.  You need a driver's license for every four or five tube rentals.  And no glass containers!  Your ice coolers will be inspected before you're allowed to board!

We're on the lookout for more rivers to float on!",review,zTWH9b_ItSdLOK9ypeFOIw,6,9,4,896,0,1
,ypEtwQHobNJCZvPONO38WQ,2011-10-08,EQwasbNyl0Hg74rzrkajdA,5,"Fantastic experience from valet to dessert!! Boyfriend and I were both very impressed. We were graciously greeted the moment we walked in by a man in a suit who walked us to the restaurant. Our server was knowledgeable about all the items on the menu and suggested some things to try when we were waffling between a few different choices. Cheese trio platter was sooooo good. I'll be getting that every time we come here and it was the perfect size for the two of us to share. I had the beet salad which was very good. Love the candied walnuts in it. Boyfriend had the lamb which he said was perfect: Tender, juicy and delicious!  The breads that came at the beginning of the meal were obviously homemade and fresh. Even the coffee was good. It's very rare for us to find a place that does it right so completely but I think we've found it.  Service was fantastic! Our glasses were never empty and we were well attended without being pestered. Could it be possible I can't find anything to criticize?! I can't. Love this place.",review,-IQPD7ZO9n7iwUeHBhLJ9A,0,1,0,5661,0,0
,sbsFamEj5wDxNAjUKrMcSw,2011-04-28,vORvL230ao0qnbL390tH_w,5,"I frequent RnR quite a bit for happy hour.  I've been here tons of times since I moved to AZ.  Definetly one of the best happy hours in old town.  Happy hour from 4-7 LOVE IT (I get mad when places are 3-6- who gets off work that early??).  And pretty every drink is on special during happy hour.  Really cheap wine, beer, and liquor.  
Ya their food isn't orgasm AMAZING but it's pretty good.  I've havn't disliked anything I've tried there.  
I love the atmosphere and outdoor patio on both levels.
I've been for breakfast too and the bottomless mimosas are wonderful.  They keep em coming.  The food is good breakfast food.  
I take family/friends from out of town here for happy hours.
I love this place I don't get what the hate is about!",review,NWEKM2JBpPCtvGtIsRAgMw,0,1,0,4104,0,0
,DxUn-ukNL27GOuwjnFGFKA,2008-06-03,FxvbsDJFS4zJ7M36SqBITw,5,"Japanese chefs, top notch sashimi, affordable neighborhood sushi place! 5/5

I'd lived in Japan before and this place can beat those in Tokyo! If you go to Hiro, you have to order their sashimi. We always order scallops sashimi, yellow tail, salmon, toro sashimi and uni (sea urchin)! Their rolls are amazing too. All sashimi comes in a big-fat-lap portion! Very fresh! The service is great too.",review,vC-9ROCPBhWuXtMcBNeDiQ,0,3,0,2415,0,0
,VKNl2-aF4n1x7lPVyU-Mag,2011-02-22,oC3NTNCTczDMrYQeTQO0Hg,4,"EXCELLENT!  What a fun time we had.  Hubby and I went out for my bday celebration and were so glad that we did.  What a fun and comfortable experience.  We walked in and were greeted right away.  We had made reservations but there was absolutely no reason to.  It was a Monday night and really @ 7:30 there wasn't a whole lot going on.  

Alec was our server.  We opted to sit in the bar area.  Same menu available.  We started off with the Haas Guac and the Green Chile Stew.  We initially made the mistake thinking that the stew was going to be like the kind @ Roaring Fork.  It's not.  They would do themselves a favor if they called it hash.  I suppose hash is not as appealing as stew.  Nonetheless it was good.  The little fry breads that they give were not my favorite but it was good with the chips that came with the guac.  I had the pork tenderloin and hubs had the mac and cheese with chicken.  Both good.  Really good.  

It would have been a five star review but there was something weird tasting in my diet coke.  Like soap or something.  Hubby thought maybe it was because they probably didn't sell a whole lot of soda product. I dunno.  Could have been the straw, the glass, syrup ratio to C02. 

And by far which is probably the best part of the restaurant.  THE BEST CHAIRS in the world.  So comfy.  So plush.  You could sit there for hours and never leave.  IF you had them in your home you would never leave.  EVER!!!!",review,yoQAZWDdBW3kQH7geFEoWA,0,1,0,1403,0,0
,yc5AH9H71xJidA_J2mChLA,2011-07-03,TD0AUwaxILhgrK37MduxQg,2,"We planned a happy hour here this past Fri night.  I had heard good things so I was really looking forward to some fun with good friends and good beer.  Unfortunately, I was drastically disappointed.  The service was absolutely terrible.  
The question of ""What do you have on tap?"" should not be a difficult one to answer.  Our server didnt feel like answering and instead pointed to the menus with attitude as if we were making her night miserable.  
Strike One.

Our group quickly turned from 4 to 8.  When we turned to our server to assist us in relocating to a larger table, she told us we could look around if we wanted to, but she didnt think it was possible to accomodate a party of 8.  We asked about the upstairs and she told us there was a private party and no room.   A friend of mine went up anyways, to see a perfectly open table with 8 lovely chairs.  He asked the private party, which was paying the check and getting ready to leave, if they minded we sit at the other table.  Of course, they didnt care at all and we moved ourselves.
Strike Two.

Despite the bad attitude and completely unaccomodating service, we managed to rack up quite a bill between all of us.  I waited tables for four years and consider it a given with such a large party and hefty bill to offer separate checks.  Before we could even ask, the SINGLE check was dropped with 18% Gratuity added to it.       
Stike Three.

The food was average at best.  I've had better Potato Skins at TGI Fridays.  Its a shame, because this place is a $5 cab ride from my home and I really wanted to like it.  

I will make the drive to Rula Bula over this place any day.",review,9J2qULE0Fn56Wy1yK--frA,0,3,0,3073,1,1
,-vHWAsiX0iHWJw-pkqv32Q,2012-09-29,ONfSQ3RXI7T1yalj9fzkZw,4,"Great place. Sushi was not wrapped up tied enough so it tended to fall apart. Also the roll was a bit thick that it is hard to fit it in your mouth (yeah, that's what she said:)",review,mbQpxYZ1yZqEsdxOnZmD8g,0,1,0,6850,0,0
,UETunq2HsmwW9pbsSGWZ6g,2012-09-03,wkGiNk7n8fvdvWY0wSdDtw,3,"Went to Deer Garden Signature last night with my wife for dinner.  We had just returned from our Labor Day Week trip.  

I ordered a fish soup with dumpling, fish balls, and Korean crystal noodles.  My wife ordered preserved pork in a clay pot.  

The preserved pork in clay pot did not seem to interest me.  To me it looked like sausage with rice, and nothing particularly interesting.

The soup was actually pretty good.  My wife and I liked it much better.  

The only thing we think they could have done better is the following:

My wife and I were not exactly familiar with the style of food.  My wife is Vietnamese.  Maybe as part of the banner for the restaurant they should put Guandong Style Cuisine under the name.  

Otherwise the food is pretty good.  

Rahul Iyer",review,7knTjXA1lNJw7AMIIJi4YQ,0,1,1,5709,0,0
,BL3SqCfSJuDTNDR9_b9NdQ,2011-03-24,g2aCQ84DUNbhZjk1CCMCWA,4,"Pretty yum! Some friends and i decided to bike here last Saturday afternoon and this was one of the places we ventured! I only had the drunken geisha during happy hour and it was delicious! Others grabbed some food and i didn't hear any complaints. Our server was awesome and even put our last round of drinks on ""hold"" for Happy hour pricing, which was extremely kind of her! Nice patio, and great happy hour prices.

P.S. i would not come here during regular pricing hours.",review,4mr5Ys9VKe87c_kgpRbQ0Q,0,0,0,4959,0,0
,xL7H-eMQDE-y23VL7MpLsA,2010-02-17,lXVF7nz1SdwRp3DW8zqnkA,5,"Restaurant 28 is a solid hole-in-the-wall that's pretty easy to miss, but it's definitely worth a stop.  On my visits I've gotten brisket and other barbecue, and my friends swear by the chicken and say it's some of their favorite chicken in the Valley.  The hush puppies are great- the greens are good too.

Another review said it well when they said this place doesn't underseason food.  Every time I've gone it hasn't been bland- it's got some great flavor and it's tasty stuff.

It's in a pretty dull area where there isn't much else to do, or I'd be out there more often.  It's a tiny place too but I've never been in and had it be hugely busy or busy to the point that waiting was crazy.

Definitely recommended, and I hope they're able to grow and thrive.",review,YEp3lrsXDGDbLT3cFRHT7g,0,0,0,1305,0,0
,qMkIbQFrROSnPaQ7at85-w,2010-02-13,lkW5sIbOqiYRQbkpera8dg,4,"I agree with others that it seems a bit expensive at $15- but that still would not steer me away from going.

For the first time in about 8 years I found myself at the DBG with some out of town family. Wanting to enjoy the weather (since they had just escaped the cold grey winter of Detroit) the gardens were the perfect spot. The garden is equipped with wide paths and plenty of benches to help the old timers pace themselves. It helps remind us city dwellers of the beauty the desert can have and how unique Phoenix truly is.",review,gTCM7qlVrwdml-hFB6aJqQ,2,2,2,257,0,0
,UJBSI5HydQgUhlTkC8ODDw,2012-05-01,_GvHt8v82Rv1-GpyBK7BbA,4,"I love their strawberry drink, its not really agua fresca because it's a little on the thicker side, but still tasty.. I've tried their sonoran dog & it wasn't that great. It was too soggy. (Get your ass to Tucson to experience a good sonoran dog). (FYI: El Guero Canelo is amazing!)
I've also tried their menudo & carne asada torta. But my favorite is the California Burrito. If your in the area & want Mexican food it's a great place to go.",review,utvgWVQlAgxaOuc8SRhGtQ,0,1,0,5141,0,0
,4Pf9DQBcR23A6Lg2pDsrBQ,2010-08-24,Mip5sNSzUbmG1rnjzbYO-Q,4,"This is one of my favorite theaters.  

It's a little known fact that the first showing of the day for any film is only $5.  This keeps my wife and I coming back.  One of our favorite things is to see a movie at 9am and hit a great spot for brunch afterwards.  And yes, they don't mind when you show up in pajamas with Starbucks.

A great time!",review,eRtuJOuHBXoJ3GRlAe_eTw,2,4,1,4305,0,0
,oSDf6BHiMlKGZdFFmIo6NQ,2012-10-16,Pviwc4jGf2dia6zKYc9CAA,5,Best breakfast in west Chandler!  I love their crepe eggs and calorie/nutritional info printed on the menu.,review,jMyy4KU2SuJ6FhWtgLqRwQ,0,1,0,2254,0,0
,52QtjHlHoa7V611bOvv1aw,2009-05-15,wsL6xjTh8VTpDH1e85pwfw,2,"Just not a great Sushi Roku location.  The service was okay and the ambience was too - but the food wasn't fabulous and the sushi chef knew very little of the food he was serving.  When sitting at the sushi bar in a 'fine dining' japanese restaurant you kind of expect the chefs to be spot on and knowlegable about the food.  Not the case here.  If you want to spend this kind of money, go to Roka Akur - it's fantastic and worth every penny.",review,Eo0o6m0gKBMgmooN_ZeFGw,0,0,0,1977,1,1
,6nH0DLfofTytTeZJSkprgw,2012-04-29,klP9dr23QB7nsJS48HJTaQ,4,"A very inconspicuous  coffee shop located right below Elizabeth Arden's Red Door Spa. 

They have a couple of pastries but just ordered an iced coffee for $3.00. It was a bit ''watery'' for my taste but on a hot afternoon, it hit the spot. 

Wish they had sugar water to flavor it but didn't see it available.",review,chI2p-ROg2tXI2-tT2_G2A,0,1,0,9128,0,0
,wNsmt1hF1uv3YvbwXZMAoQ,2011-11-21,HFJJuXBzbcIxWVEP0BojdQ,3,"First off, let me congratulate OHSO on being open for business!  I was thrilled to see another local watering hole open in the neighborhood.  I frequent Arcadia Tavern and JT's often and will most likely add O.H.S.O to the rotation.  Upon entering OHSO, I remember my first impression being ""Is this place really ready to be open for business"".  I noticed a few unfinished details on the building (maybe intentionally) that left me wondering if this place decided to open overnight.

Simple said, I appreciate good service.  There was a lack of this at O.H.S.O.  We were not greeted when we walked in.  There was a group of employees talking at the host stand and I had to approach them before they recognized our group.  They quickly said it was open seating and got back to their converstaion.  We grabbed seats in a booth in the bar area.  We probably sat there for about 5 mins trying to make sense of the various colored menus strewn across the table.  As we were all very thirsty for a cold beer, we decided to finally order at the bar.  Someone eventually came by.

After some of our party left, 2 of us moved up to the bar and asked the bartender a few questions.  No one seemed to know what was going on.  Everyone appeared to be extremely busy with ""busy work"" instead of helping the patrons.  Seemed like a lack of training with the staff.  Overall, I think this place has the potential to be a cool spot and truly hope it does well.  If I could offer a few suggestions, they would be:

1.  Have a dedicated host(s) greet people at the front door.  Take a hint from Arcadia Tavern.  I have never walked in there and not been greeted by a friendly smile.
2.  Get the music in order.  If you want to a progressive/hip local brewery, you are going to have to do better than a ""killers"" album that was popular 4 years ago.
3.  You have something that people want...BEER!  It's great service and attention to detail that will keep patrons coming back.

I look forward to my next visit and I hope some of these kinks are worked out.",review,COfMgkFjxBwKD_RAmQ1BCA,0,5,0,4187,1,0
,Zu93JuSKbponnD3Mx5zpEg,2010-02-23,hie8AIcS7Ex-gkXxFnfqZQ,4,"This place was never attractive to me, until it was the only place showing a good documentary I wanted to watch. Nice surprise! I only expect to see other good alternative movies here more often.",review,LqgGgWi3FLHBViX9tmZ9sw,1,2,0,2219,0,0
,Sb1_G-DMy26YHafNxxhVrQ,2011-08-02,N_VjIz6pErO-9jKNOWVouQ,4,"Decent farmers market with several friendly vendors.

Look for the jalopeno peanut brittle, the incredible maccaroons, sweet republic ice cream and crepes from torched goodness! lots of yumminess and it is dog-friendly!",review,xZvRLPJ1ixhFVomkXSfXAw,0,1,1,8981,0,0
,-sC66z4SO3tR7nFCjfQwuQ,2010-07-01,haaVtb7DSBXxjnagja8x-A,5,"This place has negra modelo on tap.  I would almost give them 4 stars alone for that.  The food here is incredible, very reasonably priced, and is mostly locally grown and raised.  Add in there musical taste, a mixture of latin and indie rock, and you have a place about to explode from too much hipster cred.  I mean that in a good way.  We live in the east valley, so this is a haul for us, but this is THE place we take our out of town guests.  Everyone loves it.",review,fSRMo1gMhj89V_Av3KcCLQ,0,1,0,3884,0,0
,Hdi7jkB7pHiM1nyPHcqSdw,2007-07-02,WaFiEBO5YcbwhthmYplNGQ,4,"This would typically be a 3 star review, but it gets another star for the following:

* Great air conditioning
* Arizona's only Neiman Marcus
* Hilarious people watching
* Great happy hour haunts in the basement
* Everyone here has a better tan than I do  

Scottsdale Fashion Square is large and in charge and is definitely a sprawling spectacle to see at least once.   There's no denying that it's a local institution -- even if the store mix is a bit too pricey and exclusive for some.",review,4_YfcfHkCem1onJFkItxjA,4,4,2,3642,0,0
,Yiw1ml0XVBDIQBTLXHNGmQ,2009-04-23,Un0SU5J4GyIm9cJ3twT42g,1,"After a day full of meetings, I gathered the hubster and we headed out to eat some Mexican. I had visions of chips/salsa, and margaritas. We headed to On the Border on Stapley near Baseline but found that this location had closed. Egads. Then we remembered The Salty Senorita across the street. And thus begins the saga. ""Hi, are you here for happy hour?"". We said no but were seated in the bar area anyway. At least we got a booth. Lucky us, huh? Joe ""lots of product in his hair"" brought us menus and took our drink orders. He was pushing a certain type of Tequila and I took the bait, with the stipulation ""on the rocks with salt"". My drink, and hubster's water arrived and we ordered. The chips and salsa AND our dinners arrived at the same time. .Really Joe product??? Chips with the meal? FYI, chips and salsa here aren't complimentary, you have to order and pay for them. It was then we noticed ants had taken over our table. At first we thought it was just a couple but noooooooo. The hubster brought the ants to the attention of Joe product and he feigned concern but did not offer to sit us at another table. Now the hubster's getting annoyed. It's hard to enjoy yourself when you are swashing ants off the table. Our booth was by a window but we didn't see any influx from the window of ants, so we're not sure where they are coming from, but they don't stop. Hubster mentions it a second time, and then, again with feigned concern he offers to move us to a different table. By this time we are almost done eating and I just say let's finish and get the hell out of dodge. Our bill comes, we pay, and hubster asks for the manager. Hell, he's even younger than Joe Product and looks like he just woke up, thus we'll call him Bed Head. Bed Head offers to buy us a drink on the house? Really? That's your solution? He said he'd make sure other patrons aren't seated in this area. Egads, no thanks, we just wanted to leave. We weren't after free food, but the offer of 10% off or some kind of compensation for sharing our entire meal with ants would have been appreciated. A free drink? Hey,maybe one of those $60.00 margaritas would have made everything alright! As far as the food goes-I had the chicken antchiladas (get it, lol) with beans and rice and they were dry. I like my enchiladas with oodles of sauce and cheese, and these had very little sauce with a little design of sour cream on them. Hubster had a steak and avocado salad. He said it was ok. 
This is a never return place for us. 
And a note to Joe Product-chips and salsa should have arrived WITH the drinks, and before the meal.Reflecting back, we were there on Earth day so perhaps having ants share our meal was relevant.
The margarita gets a 7 out of 10 limes as it was pretty good.",review,H5Awp19K54wIct2Oyp170w,1,2,4,5987,1,1
,9mx6uFh_lSj6SOSW4fMWWg,2009-12-04,oumDKass1inZmpqJhFAgiA,4,"Nice bowling alley.  I liked it alot and the staff was very helpful when we could not figure stuff out!  The flatscreens with the score were nice and the animation of Pros were a nice upgrade. We came when their was a deal which was nice.  Thursday- 5 buck cover and free shoes,dollar games, popcorn, beer, and hot dogs all night.... all I gotta say it\s that I did my damage!  The set up for finding a v\ball was far nicer than any other alley I have been to!  Very out of thew way and easy to find what you need!
Very well lit alley with a fun atmosphere!",review,TqkBwRmoEgECElxeY0OgKA,2,2,0,2409,0,0
,qgVS6sBe7JNEI8otg0Y3dg,2009-01-10,QP_NUNRJyydZBabTsvYDQQ,4,"I'm rating this place as a Music Venue and Bar, not as a restaurant. 

UB's seems to be hosting a slew of Metal shows over the next 3 months, which is good to see a place open it's arms and bar to the metal community. 

As far a heavy metal venue goes, its run of the mill. It has enough room to either mosh or sit in the booths along the back wall. 

As far as the bar, the prices seemed slightly on the high side, especially for the ""dive-ness"" this place exhibits. 
Their beer menu had 4 or 5 typos on it, just something to chuckle at, such as Rolling Rook beer, O'Dools, and listed Fat Tire as an import. (Cuz Colorado is SO FAR way). 

Luckily, beer and metal go together, so people tend to pay. 
The old man in the Bolo tie checking ID's was definitely a good sport.",review,-VAF4FC-WKd39_t_RV8XdA,2,2,1,2367,0,0
,oIkwj10HmUiognO68j7jOg,2011-07-15,xPwM_eTRNfnh-yeCx2dKUw,4,"I have never eaten a regular meal here. I usually go for the reverse happy hour from 10-12pm. Cheap drinks, good food and a good atmosphere. The servers here are good. I don't eat sushi myself, but everyone I go with loves the Crunchy Crab Rolls. 

They have three different pizzas, pepperoni, BBQ chicken and cheese. I have had the pepperoni and BBQ chicken. Both were extremely good. I definitely recommend that someone looking for a good time, cheap drinks, and good food.",review,-494b8jvjlI07v9HheHhrw,0,0,0,6287,0,0
,oaakO-X7uOXNxqsxjDSKfg,2012-07-17,1h3koMjfxRMYLTZhTMEbLw,4,"We came to Half Moon Sports Grill to watch the UFC Fight. It's a nice big place, yet we had to get there early since it filled up quick. 

The place is fun, the girls wear short skirts and knee socks. They have a full list of local beers in bottles and on draft. They boast a monthly special, which July's is a burger for 1/2 price if you buy a drink. That's almost $4.50 for a giant burger with fries. Unfortunately I was full from lunch and did some light snacking with my beer drinking. 

First up, I wanted the Watermelon Wheat - Perfect for any hot Arizona day (which is most of them) http://www.yelp.com/biz_photos/iB9By3dVS6BydSUiDHxLyw?select=0TZG-EndU48FUsm_K39bmQ#MrdXI7O_NSKVvqgGTcIYOA

Then, the Dirty Guera Blonde Ale, because I love blonde ales and cute names. It was great and encouraged us to visit Nimbus the next day! http://www.yelp.com/biz_photos/iB9By3dVS6BydSUiDHxLyw?select=0TZG-EndU48FUsm_K39bmQ#5nzmTTMOmGj_sVIxkTM51Q

In between, we ordered a couple appetizers, a gigantic pretzel that was served with both queso and mustard. I love to dipp! http://www.yelp.com/biz_photos/iB9By3dVS6BydSUiDHxLyw?select=0TZG-EndU48FUsm_K39bmQ#lMQuuVAuKQAL-RKfEYkPWg And my guy ordered the Prime Rib Sliders (4) served with carmalized onions, french dip sauce and horseradish. http://www.yelp.com/biz_photos/iB9By3dVS6BydSUiDHxLyw?select=0TZG-EndU48FUsm_K39bmQ#seP7cR-l6f3xjnJtzFQIxA That was a meal in itself, really. 

For Dessert, I ordered the White Chocolate Ale which was by far the most dessert tasting beers I have ever tried. It was so much like a sweet white chcolate, you really need to savor every sip. If you see this anywhere, order it and thank me later. http://www.yelp.com/biz_photos/iB9By3dVS6BydSUiDHxLyw?select=0TZG-EndU48FUsm_K39bmQ#1jzaMBgdEa9YyVasa8rukQ

After all that, I needed a couple sugar free Red Bulls to snap myself back in action. We had a fight to watch and I was not going to be the first to TAP OUT.",review,y8ZCNq8HSGDSx7Vm-NYEOw,4,8,1,6662,0,0
,KBG28p3lGX17hOPoHhq5PQ,2009-04-07,5HC-1puFa5K17sexADkjAQ,5,"This is my first review on Yelp so here you go...

I love Yasu!!  This is by far the best sushi and authentic japanese restaurant in Phoenix.  I have been there numerous times and it never disappoints.  

You have to try their Sumibiyaki which are items cooked over Japanese charcoal, last time I was there I had the beef tongue..sounds weird but its so good

Nigiri/sashimi are a must.  They always have the best selection and daily special, most important...its always fresh...this is definately important!!  The sweet shrimp is my personal favorite and anything else you order, you will find the fish is sliced with great execution.  

Request fresh chopped wasabi, you will never eat sushi with out it again!  

Love this place!!",review,xs_fnNe0hofd7ZOupCjesQ,11,16,7,3863,0,0
,GlfwqH2dY3MKxrRirKeueg,2007-02-06,lX4JnDlOi2bWWWhQVD_Stw,4,"I think Macaroni Grill is a great place to take the fam, little ones included. It's not so much a romantic date spot, but it's still a fun, lively place to have some good Italian food. 

For apps, they have a really good spinach and artichoke dip as well as some tasty mushroom raviolis.

For lunch and dinner, they have tons of pasta, pizza, sandwiches and soups to choose from as well as a pretty good wine and beverage list.

The kiddie menu isn't bad either and if I remember right, they give kids placemats to color on or something along those lines.

If you go, promise me you will try the dessert ravioli! Yum yum yum!",review,0CMz8YaO3f8xu4KqQgKb9Q,1,1,0,3545,0,0
,-KEU36ohRQb19mrbA65Y3Q,2012-02-18,5HZfrW2QgpqJSxRuQYM2Tw,4,One of the best breakfast places in Phoenix.  I love it.,review,3MSa_fdxgsaY9yF9vqmeUg,0,0,1,6527,0,0
,sDozh6iTylTJD26d7xcgGw,2011-09-26,83yTevrDRP6z9867qUO9kw,3,The Tavern on Mill is an average sports bar with cheap drinks and we come here to watch UFC fights because they don't charge a cover. We always leave when the fights end because there are better nightlife options in the area.,review,jopndPrv-H5KW2CfScnw9A,0,0,0,9551,0,0
,XeoeF0twXRV4mUZJgIjc8A,2012-04-07,EXiTtoAhcLtX7h4s5Ddodg,4,"I'ld give 6 stars if possible for each and every appetizer we have had. The tomato soup, caesar salad, beignets, and crab dip are all way more delicious than they have any right to be. However, the stand out is clearly the shrimp canapé - one of the best  appetizers I've ever had. Period. 

The other side of the coin is the at-best mediocre entrees. The first night we had a gift certificate and ordered an absurd amount of food and ended up leaving both the burger and meatloaf largely untouched. On subsequent visits the appetizers were consistently amazing and the variety of entrees just didn't live up to the apps. The blackened tacos were bland and tasteless. The meatloaf was swimming in liquid. The burger bun was overly toothsome and the burger bland. 

Long story short - order appetizers (which there are more than enough of) and you will be happy. Also happy hour is great but the wine is overpriced otherwise. 

Take away = worth it for shrimp canapé if nothing else!",review,iKbTz_0m4rEOB4yTL12VSQ,0,1,0,8862,0,0
,QB1dMlATwesPf6rrJGLQww,2010-08-15,tVah6UCN4p-jOCqh1jMDgw,3,"For a pretty yuppie place, Desert Ridge has a decent enough assortment of shops, assuming of course you can find them.  Sure, you can theoretically pick up some new accents for your living room, a new pair of shoes, some books and the materials to make new candle rings in one go after which you involve yourself with movies and a beer, but you may give up in frustration before you ever find a place to park.

I dearly hope whoever laid this place out is no longer in charge of such projects.  There is no logic whatsoever to the layout.  Trying to drive between the lots can verge on nightmarish.  Needlessly huge islands in the parking lot put leaves in the way of ever finding what's across the way, so navigating the place on foot is often out of the question without even taking the Phoenix summer heat and wretched drivers into consideration.

Desert Ridge probably isn't going anywhere.  I've never been there that it wasn't busy.  It's almost impossible to avoid if you have any significant shopping to do.  But, the restaurants here don't tend to last long.  They come and go before Yelp can ever get to them, leaving an endless strand of big box outlets and bastions of poor fashion sense.",review,ggEHaGGCiUVmE2N5iZy6DA,0,1,1,5081,1,1
,W0eocyGliMbg8NScqERaiA,2011-02-21,IngN3er9lXFtVYKOh-CIBw,1,"Slow service, staff needs more training. There's like 4 managers and none of the know what they are doing, i don't think this place is going to make it. Sorry but you lost 4 very good patrons Saturday night because of your poor customer service",review,6RX-jDD9bhRsiiYvJg-p4w,0,3,0,8552,1,1
,rLv5DPLnO67TCHIbbBWYPA,2012-11-13,G-aG9nPvovalTDJAFqZNPQ,2,"I am from NYC and have been in Phoenix for a few months! This Native NY'er is within walking distance from my hotel. I've been going their for about two months on Friday and Saturday nights for food, drinks and the karaoke. The food was OK, the drinks specials were good and the service was also good. The problem is that when a confrontation erupted at the bar the staff did not respond quilckly to notify the police. So, I ended up geting injured and when I asked them to call the police the did not, I had to. And after the episode they said they hoped It would not affect me not coming back again! Not even a comp or something! Just an I'm sorry what happened! I will not be returning at all. I looked over my nine charges on my statements and seen I had spent over $300 their. There loss!",review,oanHCNCLByQdW_TIgJKzjg,0,0,1,2055,1,1
,gkv2XvXpFgiq4Bb2XK7YmQ,2012-08-17,p0FZQJMsrWbVGgztPAMdDQ,2,"Other than the ambiance of being a  Rock & Roll restauarnt, this place isn't good.  The food sucks.

I came in for a birthday party with 6 people, and not one of us actually enjoyed our food.  We had called ahead (2 weeks) to reserve a table before a game.  When we got there, the table had not even been set up.  We were 20 minutes later than planned getting to our table, and we missed 1 entire 1st inning and the top of the 2nd because it took so long to get our food.",review,E5qFR0RBQBoXx8FbrOkdbw,0,0,0,7186,1,1
,TqHTtjPANCBKGsjGBjDoQQ,2009-04-07,PtGXlsu91_otLUudUmM7kg,3,"I tried a few different kinds of pizza and they were all okay.  A few people had told me that they made ""incredible"" pizzas, but I didn't really think so...I'd say they were pretty good pizzas.  What I liked were the fresh tasting vegetables which topped some of the pizzas.  The cheese was a bit disappointing, especially since I don't think you can really go wrong with cheese...it just lacked flavor.

All in all, I probably wouldn't go back...it just really wasn't all that impressive.",review,_1OTipGDKze-M0XaYh-kXQ,2,2,2,1485,1,1
,52QtjHlHoa7V611bOvv1aw,2009-03-09,wBNgwzIHJRE_P6nGZ50nMg,5,"We showed up out of the blue on Valentine's night looking for food. We got a seat at the sushi bar right away, but the place was otherwise packed. I guess we were lucky. We passed on the V-day prix-fixe menu and decided to order as we ate.

Our waitress was visibly perturbed by my wife's order of tap water to drink and vegetable tempura to start. Judging by her expression, she took us for deadbeats; it wasn't offensive but hilarious, we're old enough to be confident in our own opinions of ourselves. Anyway, the vibe at the W was definitely people trying hard to be cool and of-the-moment.

In any event, we struck up a conversation with the chef behind the bar where we were sitting. We initially ordered some basic sashimi dishes, but when I asked the chef for suggestions, he started rattling off a series of custom creations he could make. So we let him do his best, and he turned out a great collection of sashimi dishes, none, at least as far as I could tell, on the menu. 

We had a great meal, and we would definitely return, at least if we didn't live in San Diego.

(The waitress eventually warmed up, probably thawing as she watched us eat through plate after plate of sashimi....)",review,oSzxMYgem8Oi3f9wfoS_cA,1,1,0,7702,0,1
,muCl5p-9ut1sY0aKeUeRhw,2007-10-03,CexxnFUucFDwKjHTZNXRiw,4,I really like this place and would definitely come back.  I had a blueberry martini that was dreamy and for dinner I had the halibut entree which was also very good.  Their wine selection is very good... I did have a glass of wine too because someone ordered a bottle of wine and I felt compelled to help him out:)  And from what I remember the service was also very good.,review,b4C9E7vTJrOdkJQA86xYSg,1,1,0,7812,0,0
,UIGFrEcoDsw05I1UOrxdOA,2008-05-24,bo_eoPn_Nixu0wF8HS41-Q,2,"I couldn't agree with David more.  The owner is definitley an interesting  person.  The more money she thinks you make, the more she will talk to and love you!  So tell her you are RICH!! (Sorry Didi C.) As for the food -  Ho hum VN food at high for what you get prices.  The Pho is very avg and double the usual price. They don't charge a corkage fee for  BYOB which is nice.",review,wfvmwhhadHfpM9UoTV0OMA,1,3,1,9106,1,1
,lktu5JPDlQUG-7cV7gOzDQ,2009-12-05,wWeqZz_WqYpLF81e_J4-xQ,5,"I put forth that we need to institute a new standard of measurement to be used for comparing coffee shops.  Furthermore, I think that Cartel Coffee Labs should use this place as a standard for this new unit of measurement.

I have to assume it's called a ""Coffee Lab"" for a reason.  Too many coffee shops these days are retail stores, where coffee is an incidental thing in all the yelling, stupid names, and fancy colors.  If you look at the menu of Cartel Coffee Lab, there are a total of 13 items.  It's all about the coffee, plain and simple.

Then again, there's really nothing simple about it to those who take their coffee as seriously as this place does.  The artistry of their baristas is not to be trifled with.  These people can make a latte so pretty, you really won't want to drink it (until you do, then you're happy you did).  On top of that, the selection of coffee varietals is impressive.  I've only tried one, but that alone was better than anything Starbucks tries to pawn off on the masses.  Perhaps the use of the term ""Lab"" is because they've actually stepped beyond anything any other coffee shop has done.  Either way, the formula that they came up with works better than anything I've come across before.

Then again, maybe I'm being too hard on the other places.  It's not that they have an intrinsically inferior product, but the reason for these places has been lost behind t shirts and mugs and open mic nights and selling you a card containing the same money you'd use on the place anyway...

I digress.  Cartel Coffee Labs is a great place with a fantastic product.  If their WiFi is weak or the back corner gets dark, I honestly don't care.  Their coffee is excellent and I'll be coming back for more.",review,lczLjHO7zIhrmSlOXI3ohg,2,4,0,7479,0,0
,YQvg0JCGRFUkb6reMMf3Iw,2011-09-18,hew9a4Gi3x06fHnMXtKxjQ,3,"I live in downtown Phoenix; Boyfriend lives in Tempe. After two years of getting our date on at places like Postino's, St. Francis, the Rokerij, Dick's Hideaway, and Padre's, we decided we needed a Tempe date place. Friday night we decided to check out La Bocca.

In short. it's okay. Nice environment, good service, pretty good pizza, and great ice cream flight for dessert. But this is tempered with over priced wine (almost $20 for two glasses of HOUSE wine?), small pieces of bruschetta (tasty - scratch that - REALLY tasty, but the slices are teeny tiny), and it's on Mill, so most of the other patrons are frat guys trying to impress sorority sisters, and if you're lucky, you'll get to see a couple of Greeks making out. Yum? There was a table of older people tucked into a corner who didn't seem to mind the age gap, but in my late-20s, I was not very much amused.

The good service, cool atmosphere, tasty bruschetta choices, and creative, thin crust pizza get this place three stars. The over priced wine and bruschetta (seriously, we usually get bruschetta at Postino's for the same price for 4 people, and then I am too full to order dinner, but at La Bocca I was ready for round two after my half of the plate), and the fact that it's on Mill keeps it from 5 stars. We both really wanted to like this place, but I think next time we want to get dressed up and go out on the East side, we'll try somewhere else. In the meantime, we'll stick to downtown.",review,k9cMboDc6uqa-6BggMxxaA,0,1,0,1016,1,0
,lXUaypwLG_rIU4qnpBmF-A,2010-11-14,4yMDvhgb2lvy1hz6MMVRQw,4,"I love this gym, I do wish it were closer to a freeway or either more north or more west for me.  I agree with Will M. that it would be great at Norterra and lets face it, there are empty spots there just waiting for a great gym.   I love the attitude at this gym and the metro location as well.  There is always someone onsite caring for the equipment and keeping the place clean and tidy.  I dont remember that care when i was at LA Fitness.  The equipment is color coded to the muscle they work and that is awesome!  I like the staff and the people that go here and have made many friends.   They also have this new finger print system so you don't need a gym card with you to go, you just enter your phone number and scan your finger (very cool).  Sorry if you are a twin and like to cheat though....  Also be sure you check out Costco before you join to see if they still have the special of a 2 year membership for $299.00 (that's about $12/month)  It's a smoking deal and is good for all gym locations across the nation.",review,EP3cGJvYiuOwumerwADplg,1,0,0,512,0,0
,rCh0P0uRkcjcChXqVeIUaw,2010-07-18,tqwUJAl5oQYg-lUbqItLXQ,5,"Sam, Sven, and all the vendors here make the market special.",review,jLBh-z3JrJkqJfn5VN9OJA,0,1,0,8312,0,0
,7Zo1DzdwZlGMxPu1AFMSsw,2012-05-21,V9zhvEIYlqN-Bo3b-_7MkQ,2,"I wasn't really very impressed. Bajio isn't *bad* by any stretch, but it's certainly nothing to really rave about.

The prices were a little steep for what you get and everything (keep in mind, this is mexican food) was oddly sweet for some reason...and that struck me oddly. 

Burritos and such, served in a very Chipotle-esque fashion, but for a few bucks more than Chipotle. 

I don't believe I'll be returning. Not because it was a negative experience, just exceptionally ""meh"".",review,yJ22u_1l01H4NM3wCowIKw,0,1,0,7552,1,1
,GbEOmf5k73r_UJWjchrHOg,2012-02-19,8tW7Dbqv8RR2NfZJ4vyB9g,4,"I would never have stopped at the Wy-Knot Cafe if it had not been for a friend mentioning it in a post on Facebook. I am glad I saw that post. There have been a number of restaurants in that location that have failed. Wy-Knot has opened the space up, made it dog friendly (it is named for their dog) and has a great menu. You order at the counter and then they bring the food out to you. The employees were all very friendly. The only down side was the lack of parking due to the other businesses sharing a lot. Also there were hardly any customers. Hopefully they will deliver menus to the houses in the neighborhood and maybe do some promotions on the neighborhood e-mail service so people will know what they have to offer. I would like to see them make it.

They serve breakfast and lunch all day. They had a variety of choices and it was hard to decide on one. We split a BLT and a Chicken Salad Sandwich so we could try both. They come with a side of beet salad or salad of the day. The beet salad was very good. We both preferred the BLT but I am sure the Chicken Salad was more healthy and it was tasty as well.

Give them a try, I think you will enjoy the Wy-Knot Cafe. I will be back.",review,RAWy3YCE-jwfyuGvwzUaqQ,3,6,2,9677,0,0
,C_eWAEOvkHZ_IZYGwjtpmg,2010-02-22,DTtmsHMzqIOEvW6Ael3EWg,5,They have a mechanical bull.  Need I say more?,review,A1yGtQzSfctsJJE1lyPbDQ,0,0,0,6377,0,0
,k6Si433-EJrY4J7SZxsnjA,2009-06-30,DHw2RtwCwOa_1aNRElu8oA,5,"2nd time I went to Grazie and both times it was excellent. The service is fast and attentive and the food great. The portions are huge so there is no problem to share the starter or the thin crust, wood-fired pizza ... So far I had the Dame Edna and the Roma pizza and both were very tasty. The wine collection is great and has some very interesting stuff which includes also less expensive wines. Haven't made it to the desert menu yet as both times there was no space left ...",review,lDUiT63wNEYbG39ijdQ7QA,0,1,0,4438,0,0