newid,st_wgt,caladj45,state,psu
05367041,9732.217632496195,0.668008593207693,06,S49E
05367042,9732.217632496195,0.668008593207693,06,S49E
05367081,14008.354220240619,0.7527638422633599,06,S49C
05367082,14008.354220240619,0.7527638422633599,06,S49C
05367791,33331.71516027635,0.8761690520129415,06,NA
05367792,33331.71516027635,0.8761690520129415,06,NA
05367831,75320.16005967741,1.2168673232724863,06,NA
05367832,75320.16005967741,1.2168673232724863,06,NA
05368151,40408.55340082877,1.127906007757831,06,S49A
05368152,40408.55340082877,1.127906007757831,06,S49A
05368391,20019.18688130082,0.6893261912132826,06,S49C
05368392,20019.18688130082,0.6893261912132826,06,S49C
05368881,47993.37459998845,0.9262859523974923,06,NA
05368882,47993.37459998845,0.9262859523974923,06,NA
05369031,20331.967075524306,0.6392047828478397,06,S49A
05369032,20331.967075524306,0.6392047828478397,06,S49A
05369131,28097.68314330052,0.6893261912132826,06,S49B
05369132,28097.68314330052,0.6893261912132826,06,S49B
05369201,50245.48087773303,1.103308263856966,06,S49B
05369202,50245.48087773303,1.103308263856966,06,S49B
05369611,26741.645242701572,1.0248331505145487,06,S49A
05369612,26741.645242701572,1.0248331505145487,06,S49A
05369631,14357.34812712547,0.985472405854354,06,S49E
05369632,14357.34812712547,0.985472405854354,06,S49E
05369791,27557.79542510835,1.2863455244653963,06,S49C
05369792,27557.79542510835,1.2863455244653963,06,S49C
05369851,28919.36525471907,0.6865054825427037,06,NA
05369852,28919.36525471907,0.6865054825427037,06,NA
05369951,22988.456435426822,0.9163471372282677,06,S49B
05369952,22988.456435426822,0.9163471372282677,06,S49B
05370021,43820.31789190923,0.7394964379787248,06,NA
05370022,43820.31789190923,0.7394964379787248,06,NA
05370101,11606.041376840123,0.7966257707766358,06,S49E
05370102,11606.041376840123,0.7966257707766358,06,S49E
05370171,22878.064406205653,1.004430065880146,06,S49C
05370172,22878.064406205653,1.004430065880146,06,S49C
05370211,107559.31965461206,1.5872186430764383,06,S49A
05370212,107559.31965461206,1.5872186430764383,06,S49A
05370831,28018.677517892807,1.0274254112899106,06,S49A
05370832,28018.677517892807,1.0274254112899106,06,S49A
05370951,25875.90634270243,0.668008593207693,06,NA
05370952,25875.90634270243,0.668008593207693,06,NA
05371062,48008.93103330747,1.4307032483662048,06,S49B
05371121,25092.951731763158,0.6889862678965812,06,NA
05371122,25092.951731763158,0.6889862678965812,06,NA
05371201,39035.35217056107,1.089576451584023,06,S49A
05371202,39035.35217056107,1.089576451584023,06,S49A
05371411,39749.85810392287,0.9134019438860823,06,S49A
05371412,39749.85810392287,0.9134019438860823,06,S49A
05371631,32228.791784304532,0.7865754801859269,06,S49A
05371632,35890.676614387026,0.8759473945252796,06,S49A
05371761,29540.37559562432,0.7626099925974212,06,NA
05371762,29540.37559562432,0.7626099925974212,06,NA
05371821,79740.90291215936,2.258476496730844,06,NA
05371822,79740.90291215936,2.258476496730844,06,NA
05371931,43093.145808272624,1.05173076557501,06,S49A
05371932,43093.145808272624,1.05173076557501,06,S49A
05371961,32563.071014642952,1.0143469483423107,06,S49A
05371962,32563.071014642952,1.0143469483423107,06,S49A
05372181,97658.83712412599,1.4411203737837293,06,S49A
05372182,151678.27247682065,2.238267986427474,06,S49A
05372231,38969.700511563184,1.2293983992170727,06,NA
05372232,38969.700511563184,1.2293983992170727,06,NA
05372261,28749.422074790953,1.2128332751860404,06,S49E
05372262,28749.422074790953,1.2128332751860404,06,S49E
05372301,37085.7328667458,2.6257460110668216,06,S49E
05372302,37085.7328667458,2.6257460110668216,06,S49E
05372841,73918.02828047337,1.0274254112899106,06,S49A
05372842,73918.02828047337,1.0274254112899106,06,S49A
05372951,30660.912042525615,0.9550942707382379,06,S49A
05372952,30660.912042525615,0.9550942707382379,06,S49A
05373191,56558.47785003938,0.9137548764529059,06,NA
05373192,56558.47785003938,0.9137548764529059,06,NA
05373811,17006.347606340958,0.9138663518743902,06,S49C
05373812,17006.347606340958,0.9138663518743902,06,S49C
05374011,12714.715289991587,1.1192552687568815,06,S49E
05374012,12714.715289991587,1.1192552687568815,06,S49E
05374041,20291.511530630523,0.8908710064646257,06,S49C
05374042,20291.511530630523,0.8908710064646257,06,S49C
05374061,51011.812529654955,1.423870071469422,06,S49A
05374062,51011.812529654955,1.423870071469422,06,S49A
05374581,70358.87973994866,2.371927627024412,06,NA
05374582,70358.87973994866,2.371927627024412,06,NA
05374601,19799.359191741925,1.0660753719838252,06,S49E
05374602,19799.359191741925,1.0660753719838252,06,S49E
05374781,33731.63102972901,0.988293114524933,06,S49A
05374782,33731.63102972901,0.988293114524933,06,S49A
05374841,76669.69166000228,1.138856617918377,06,S49A
05374842,76669.69166000228,1.138856617918377,06,S49A
05374851,32759.133168063603,0.7527638422633599,06,S49A
05374852,32759.133168063603,0.7527638422633599,06,S49A
05374961,35126.332490599256,1.0941931168677086,06,S49A
05374962,35126.332490599256,1.0941931168677086,06,S49A
05375011,16758.372258242147,0.668008593207693,06,S49B
05375012,16758.372258242147,0.668008593207693,06,S49B
05375051,22351.999088255718,0.800757397841749,06,S49A
05375052,22351.999088255718,0.800757397841749,06,S49A
05375141,38088.95543647914,0.6153625431957412,06,NA
05375142,38088.95543647914,0.6153625431957412,06,NA
05375461,34940.340339595095,0.8028852506288029,06,S49A
05375462,34940.340339595095,0.8028852506288029,06,S49A
05375951,19790.38064257374,0.7626099925974212,06,S49E
05375952,19790.38064257374,0.7626099925974212,06,S49E
05376161,19019.23361464419,0.7552446276172373,06,S49A
05376162,19019.23361464419,0.7552446276172373,06,S49A
05376471,16067.332859351369,1.1028438558686582,06,S49E
05376472,16067.332859351369,1.1028438558686582,06,S49E
05376741,54897.3404121433,1.0143469483423107,06,NA
05376742,54897.3404121433,1.0143469483423107,06,NA
05377151,30422.659543214457,0.9188279225821453,06,NA
05377152,30422.659543214457,0.9188279225821453,06,NA
05377301,22810.865999964095,0.5996143535572286,06,NA
05377302,22810.865999964095,0.5996143535572286,06,NA
05377391,21746.78695659602,1.6595639774294608,06,S49C
05377392,21746.78695659602,1.6595639774294608,06,S49C
05377851,44955.797692926666,1.2548312184904311,06,S49A
05377852,44955.797692926666,1.2548312184904311,06,S49A
05377961,27772.78270938112,1.1028438558686582,06,S49A
05377962,27772.78270938112,1.1028438558686582,06,S49A
05378001,43374.152546355166,3.3100145442694204,06,S49C
05378002,43374.152546355166,3.3100145442694204,06,S49C
05378031,17431.60377552187,0.6392047828478397,06,S49A
05378032,17431.60377552187,0.6392047828478397,06,S49A
05378131,44133.64079112975,0.9100526989095894,06,NA
05378132,44133.64079112975,0.9100526989095894,06,NA
05379161,21966.80441548501,1.5018282610152274,06,S49C
05379162,21966.80441548501,1.5018282610152274,06,S49C
05379631,31279.58896905522,1.4600717748561762,06,S49C
05379632,31279.58896905522,1.4600717748561762,06,S49C
05379671,51708.854556068436,2.118044891794529,06,S49A
05379672,49010.75706068604,2.0075281985372495,06,S49A
05379861,32485.531641786736,0.9517840158681943,06,S49A
05379862,32485.531641786736,0.9517840158681943,06,S49A
05380321,39894.04828891872,0.6732380782580687,06,NA
05380322,39894.04828891872,0.6732380782580687,06,NA
05380681,78294.48363779465,1.6144624569162758,06,NA
05380682,78294.48363779465,1.6144624569162758,06,NA
05381271,14412.890848259163,0.9892847964531377,06,S49E
05381272,14412.890848259163,0.9892847964531377,06,S49E
05381561,27586.378138123524,0.9114957485866904,06,S49C
05381562,27586.378138123524,0.9114957485866904,06,S49C
05381601,46721.830123113585,0.7106926276188714,06,NA
05381602,46721.830123113585,0.7106926276188714,06,NA
05381791,59256.18453250525,1.3103110120539019,06,S49C
05381792,19165.537413570113,1.3103110120539019,06,S49C
05382091,58944.09925225082,1.8361218809006266,06,S49A
05382092,58944.09925225082,1.8361218809006266,06,S49A
05382431,57726.46977631438,1.138856617918377,06,NA
05382432,57726.46977631438,1.138856617918377,06,NA
05382561,24068.044471893772,1.1323337317044815,06,S49E
05382562,24068.044471893772,1.1323337317044815,06,S49E
05382611,27667.346138358105,1.0274254112899106,06,S49A
05382612,27667.346138358105,1.0274254112899106,06,S49A
05383441,48002.642177293324,0.7181300015731361,06,NA
05383442,48002.642177293324,0.7181300015731361,06,NA
05383731,56203.45141769571,1.421785504541834,06,NA
05383732,56203.45141769571,1.421785504541834,06,NA
05383791,26070.032083627477,0.9005989475897551,06,S49B
05383792,26070.032083627477,0.9005989475897551,06,S49B
05384391,78894.44736748097,0.726440817257384,06,NA
05384392,78894.44736748097,0.726440817257384,06,NA
05384591,41719.5700824016,1.1355280288029663,06,S49A
05384592,41719.5700824016,1.1355280288029663,06,S49A
05384741,29556.210892771436,0.800064541958224,06,S49B
05384742,29556.210892771436,0.800064541958224,06,S49B
05384831,19113.155532086155,1.1007160030816041,06,S49E
05384832,19113.155532086155,1.1007160030816041,06,S49E
05384991,19879.907601415187,0.6732380782580687,06,S49C
05384992,19879.907601415187,0.6732380782580687,06,S49C
05385401,24988.638857121958,0.7527638422633599,06,S49B
05385402,24988.638857121958,0.7527638422633599,06,S49B
05385711,31065.80733154984,0.6128817578418637,06,NA
05385712,31065.80733154984,0.6128817578418637,06,NA
05385771,11659.299937455922,0.6704893785615705,06,S49C
05385772,11659.299937455922,0.6704893785615705,06,S49C
05386441,25361.079959140916,0.6865054825427037,06,S49B
05386442,25361.079959140916,0.6865054825427037,06,S49B
05386771,34020.21198310294,1.0248331505145487,06,S49B
05386772,34020.21198310294,1.0248331505145487,06,S49B
05386841,46243.10734708456,0.6918069765671602,06,NA
05386842,46243.10734708456,0.6918069765671602,06,NA
05386911,35875.73838202808,0.7815676526232133,06,S49A
05386912,35875.73838202808,0.7815676526232133,06,S49A
05387791,27228.815217989668,0.6153625431957412,06,S49A
05387792,27228.815217989668,0.6153625431957412,06,S49A
05387981,59325.55844271772,1.0688960806544041,06,NA
05387982,59325.55844271772,1.0688960806544041,06,NA
05388211,49549.37551075523,1.3486405682277098,06,S49A
05388212,49549.37551075523,1.3486405682277098,06,S49A
05388231,29520.85099003627,0.7833583664920006,06,NA
05388232,29520.85099003627,0.7833583664920006,06,NA
05388411,20645.247812381167,0.668008593207693,06,S49A
05388412,20645.247812381167,0.668008593207693,06,S49A
05388791,28996.834157790225,0.668008593207693,06,NA
05388792,28996.834157790225,0.668008593207693,06,NA
05389031,42360.35008166055,0.800064541958224,06,NA
05389032,42360.35008166055,0.800064541958224,06,NA
05390031,64808.94354529535,1.242087190928773,06,S49A
05390032,64808.94354529535,1.242087190928773,06,S49A
05390111,31840.00540292351,0.7682514099385791,06,S49B
05390112,31840.00540292351,0.7682514099385791,06,S49B
05390121,39027.91762580979,0.5838661639187159,06,NA
05390122,39027.91762580979,0.5838661639187159,06,NA
05390371,18902.846124072556,0.88733154330512,06,S49A
05390372,18902.846124072556,0.88733154330512,06,S49A
05390441,43082.626878636096,0.6732380782580687,06,NA
05390442,43082.626878636096,0.6732380782580687,06,NA
05390601,60821.50169900749,1.3043559821070443,06,NA
05390602,60821.50169900749,1.3043559821070443,06,NA
05390641,26383.28586037354,0.7527638422633599,06,S49A
05390642,26383.28586037354,0.7527638422633599,06,S49A
05390791,13662.176276581871,0.7867971376735889,06,S49E
05390792,13662.176276581871,0.7867971376735889,06,S49E
05391191,20050.018049398528,0.668008593207693,06,S49A
05391192,20050.018049398528,0.668008593207693,06,S49A
05391391,32969.00707667577,1.0868237458784047,06,S49A
05391392,32969.00707667577,1.0868237458784047,06,S49A
05391571,15263.470005072688,0.7527638422633599,06,S49E
05391572,15263.470005072688,0.7527638422633599,06,S49E
05391721,15666.860920744506,0.6893261912132826,06,S49C
05391722,15666.860920744506,0.6893261912132826,06,S49C
05391801,34127.21158380918,1.099384397836698,06,S49E
05391802,34127.21158380918,1.099384397836698,06,S49E
05392021,75737.34738572405,1.1330472434490888,06,NA
05392022,75737.34738572405,1.1330472434490888,06,NA
05392401,12469.819984353438,0.7181300015731361,06,S49E
05392402,12469.819984353438,0.7181300015731361,06,S49E
05392491,51767.81840352328,1.1101939565620527,06,NA
05392492,51767.81840352328,1.1101939565620527,06,NA
05392541,15752.632426185895,0.6153625431957412,06,S49E
05392542,15752.632426185895,0.6153625431957412,06,S49E
05393141,102813.81393583822,1.324917424977238,06,NA
05393142,102813.81393583822,1.324917424977238,06,NA
05393191,57450.41700732629,1.5636920191024717,06,S49A
05393192,57450.41700732629,1.5636920191024717,06,S49A
05393421,23476.534323733624,0.6893261912132826,06,S49A
05393422,23476.534323733624,0.6893261912132826,06,S49A
05393721,20428.391813311464,0.9876002586414079,06,S49A
05393722,20428.391813311464,0.9876002586414079,06,S49A
05393751,41436.94309718542,0.726440817257384,06,NA
05393861,26836.38240413058,0.726440817257384,06,S49B
05393862,26836.38240413058,0.726440817257384,06,S49B
05393991,71787.92093532068,1.2934362413155118,06,NA
05393992,71787.92093532068,1.2934362413155118,06,NA
05394781,53326.84765332691,1.7658289982594224,06,S49B
05394782,53326.84765332691,1.7658289982594224,06,S49B
05394881,34833.769137927426,0.7682514099385791,06,NA
05394882,34833.769137927426,0.7682514099385791,06,NA
05394891,22403.204779982567,0.6392047828478397,06,S49A
05394892,22403.204779982567,0.6392047828478397,06,S49A
05394901,54935.69211638133,1.4516244157176292,06,NA
05394902,54935.69211638133,1.4516244157176292,06,NA
05394911,30288.596697543067,0.668008593207693,06,NA
05394912,30288.596697543067,0.668008593207693,06,NA
05394991,12942.170375227268,0.668008593207693,06,S49B
05394992,12942.170375227268,0.668008593207693,06,S49B
05395431,19118.496601897965,0.8378720238858504,06,S49E
05395432,19118.496601897965,0.8378720238858504,06,S49E
05395581,30371.13151585834,0.8221238342473377,06,S49B
05395582,30371.13151585834,0.8221238342473377,06,S49B
05395621,30715.5845475679,1.646679968918051,06,S49E
05395622,30715.5845475679,1.646679968918051,06,S49E
05396041,95748.57421804788,1.442321997304781,06,NA
05396042,95748.57421804788,1.442321997304781,06,NA
05396061,43600.17571565798,1.004430065880146,06,NA
05396062,43600.17571565798,1.004430065880146,06,NA
05396141,16122.890904100796,0.6893261912132826,06,S49C
05396142,16122.890904100796,0.6893261912132826,06,S49C
05396181,44181.91151120208,1.442321997304781,06,S49C
05396182,40703.31496773437,1.3287629378892607,06,S49C
05396411,18855.968807990885,1.1022051065072769,06,S49E
05396412,18855.968807990885,1.1022051065072769,06,S49E
05396431,13337.348603767208,0.7181300015731361,06,S49A
05396432,13337.348603767208,0.7181300015731361,06,S49A
05396491,13595.810038909545,0.7815676526232133,06,S49B
05396492,13595.810038909545,0.7815676526232133,06,S49B
05396751,32650.001661345705,1.320104171745557,06,S49B
05396752,32650.001661345705,1.320104171745557,06,S49B
05396941,15679.213487491234,0.6392047828478397,06,S49C
05396942,15679.213487491234,0.6392047828478397,06,S49C
05397051,37499.96505928514,1.1028438558686582,06,S49A
05397052,37499.96505928514,1.1028438558686582,06,S49A
05397661,32045.491037537548,0.8641950488918263,06,S49C
05397881,15937.601568237842,0.5996143535572286,06,S49C
05397882,15937.601568237842,0.5996143535572286,06,S49C
05398211,31862.45536666143,1.8127516702169786,06,S49C
05398212,31862.45536666143,1.8127516702169786,06,S49C
05398341,33979.11690414379,0.6392047828478397,06,NA
05398342,33979.11690414379,0.6392047828478397,06,NA
05398361,28024.036914695407,0.750635989476306,06,S49A
05398362,28024.036914695407,0.750635989476306,06,S49A
05398631,54354.3708607218,1.1028438558686582,06,S49A
05398632,54354.3708607218,1.1028438558686582,06,S49A
05398851,47139.17930865945,1.0863593378900966,06,S49A
05398852,47139.17930865945,1.0863593378900966,06,S49A
05398931,47957.60786737035,2.788324072770852,06,S49C
05398932,47957.60786737035,2.788324072770852,06,S49C
05399021,28660.14530546639,0.7682514099385791,06,S49B
05399022,28660.14530546639,0.7682514099385791,06,S49B
05399151,44171.252459792995,1.0868237458784047,06,S49B
05399152,44171.252459792995,1.0868237458784047,06,S49B
05399261,16634.535105552146,0.754984005653944,06,S49A
05399262,16634.535105552146,0.754984005653944,06,S49A
05399541,50980.2985766127,0.9112740910990283,06,S49C
05399542,50980.2985766127,0.9112740910990283,06,S49C
05400211,21147.106740765266,1.2863159484516893,06,S49A
05400212,21147.106740765266,1.2863159484516893,06,S49A
05400801,63187.371412584325,0.7527638422633599,06,NA
05400802,63187.371412584325,0.7527638422633599,06,NA
05400861,33494.797583923864,0.9183635145938372,06,S49A
05400862,33494.797583923864,0.9183635145938372,06,S49A
05401151,33979.11690414379,0.6392047828478397,06,NA
05401152,33979.11690414379,0.6392047828478397,06,NA
05401781,17740.90963370293,0.800064541958224,06,S49A
05401782,17740.90963370293,0.800064541958224,06,S49A
05401841,73655.6666472351,0.9892847964531377,06,NA
05401842,73655.6666472351,0.9892847964531377,06,NA
05401871,19701.906049323494,0.6128817578418637,06,S49E
05401872,19701.906049323494,0.6128817578418637,06,S49E
05402041,29156.916864004736,0.7815676526232133,06,S49B
05402042,29156.916864004736,0.7815676526232133,06,S49B
05402091,29451.858676269247,1.190796922691524,06,S49B
05402092,29451.858676269247,1.190796922691524,06,S49B
05402681,63711.76200019495,1.560018524562992,06,S49A
05402682,63711.76200019495,1.560018524562992,06,S49A
05402791,21905.249581819575,0.7682514099385791,06,S49E
05402792,21905.249581819575,0.7682514099385791,06,S49E
05402981,35319.713618079004,1.3409860191358576,06,S49A
05402982,35319.713618079004,1.3409860191358576,06,S49A
05403081,35123.19421101013,1.0281564146347146,06,S49B
05403082,35123.19421101013,1.0281564146347146,06,S49B
05403091,15087.704800421547,0.726440817257384,06,S49B
05403092,15087.704800421547,0.726440817257384,06,S49B
05403151,15772.683135840587,0.5838661639187159,06,S49C
05403152,16623.532938351043,0.6153625431957412,06,S49C
05403951,41455.09293666906,0.6889862678965812,06,NA
05403952,41455.09293666906,0.6889862678965812,06,NA
05404091,23381.74689477711,0.8796826165670455,06,S49C
05404092,23381.74689477711,0.8796826165670455,06,S49C
05404321,34512.557732185414,0.6392047828478397,06,NA
05404322,34512.557732185414,0.6392047828478397,06,NA
05404421,13592.54143000538,0.6392047828478397,06,S49E
05404422,13592.54143000538,0.6392047828478397,06,S49E
05404551,36059.80210844811,1.636629678327342,06,S49A
05404552,36059.80210844811,1.636629678327342,06,S49A
05404691,15402.347169540193,0.7243129644703301,06,S49E
05404692,15402.347169540193,0.7243129644703301,06,S49E
05405291,12920.511385386766,0.6547411889230579,06,S49C
05405292,12920.511385386766,0.6547411889230579,06,S49C
05405441,29407.71482727833,0.800064541958224,06,S49A
05405442,29407.71482727833,0.800064541958224,06,S49A
05405691,55887.36678796802,1.0143469483423107,06,NA
05405692,55887.36678796802,1.0143469483423107,06,NA
05405701,27120.74103103609,0.726440817257384,06,S49A
05405702,28103.477583527496,0.7527638422633599,06,S49A
05405911,24504.132709931717,1.1121578181193184,06,S49A
05405912,24504.132709931717,1.1121578181193184,06,S49A
05406222,44824.11414668032,1.5479438294639591,06,S49C
05406442,63105.0477317026,0.7527638422633599,06,S49A
05406451,28711.50862760348,1.2138391509155952,06,S49B
05406452,28711.50862760348,1.2138391509155952,06,S49B
05406501,24379.69815259586,1.0274254112899106,06,S49B
05406502,24379.69815259586,1.0274254112899106,06,S49B
05406761,25337.340915719076,0.6893261912132826,06,S49A
05406762,25337.340915719076,0.6893261912132826,06,S49A
05407021,16675.40612025916,0.8028852506288029,06,S49B
05407022,16675.40612025916,0.8028852506288029,06,S49B
05407191,76671.41357875451,0.9134019438860823,06,NA
05407192,76671.41357875451,0.9134019438860823,06,NA
05407341,13655.798149861832,0.6392047828478397,06,S49B
05407342,13655.798149861832,0.6392047828478397,06,S49B
05407491,45534.172059482284,0.8632545802951299,06,NA
05407492,45534.172059482284,0.8632545802951299,06,NA
05407731,60037.273968945854,1.6461076318077903,06,S49A
05407891,28572.91728602651,0.9662567620304164,06,S49A
05407892,28572.91728602651,0.9662567620304164,06,S49A
05408031,21106.352021676623,0.6178433285496187,06,S49B
05408032,21106.352021676623,0.6178433285496187,06,S49B
05408301,57198.96834013947,0.7682514099385791,06,NA
05408302,57198.96834013947,0.7682514099385791,06,NA
05408791,23663.02682242057,0.8759473945252796,06,S49C
05408792,23663.02682242057,0.8759473945252796,06,S49C
05409021,27536.771147334028,1.0684316726660963,06,S49A
05409022,27536.771147334028,1.0684316726660963,06,S49A
05409101,22024.66917625069,0.6392047828478397,06,NA
05409102,22024.66917625069,0.6392047828478397,06,NA
05409411,57111.65971682139,0.7106926276188714,06,NA
05409412,57111.65971682139,0.7106926276188714,06,NA
05409471,19423.280453573323,0.9134019438860823,06,S49E
05409472,19423.280453573323,0.9134019438860823,06,S49E
05409681,48693.52784614312,1.646679968918051,06,S49A
05409682,48693.52784614312,1.646679968918051,06,S49A
05410331,23863.89499266495,0.6392047828478397,06,S49A
05410332,23863.89499266495,0.6392047828478397,06,S49A
05410671,54295.46160289118,0.6392047828478397,06,NA
05410672,54295.46160289118,0.6392047828478397,06,NA
05410931,52467.25944968691,1.3902891252648089,06,S49B
05410932,52467.25944968691,1.3902891252648089,06,S49B
05411101,47280.85918298197,0.7626099925974212,06,S49A
05411102,47280.85918298197,0.7626099925974212,06,S49A
05411201,37218.76088686764,0.6893261912132826,06,NA
05411202,37218.76088686764,0.6893261912132826,06,NA
05411481,44581.44277412402,0.8028852506288029,06,NA
05411482,44581.44277412402,0.8028852506288029,06,NA
05447331,17595.260674981953,0.5667289694857526,06,S49A
05447332,7761.761627850001,0.25,06,S49A
05447421,29687.475712766445,0.7198444618226383,06,S49B
05447422,29687.475712766445,0.7198444618226383,06,S49B
05447531,21607.258117980622,0.4907238156922049,06,S49A
05447532,21607.258117980622,0.4907238156922049,06,S49A
05447551,41812.63095189162,1.3467506784111865,06,S49A
05447552,41812.63095189162,1.3467506784111865,06,S49A
05447861,29498.141753014537,1.163690207388999,06,S49C
05447862,29498.141753014537,1.163690207388999,06,S49C
05448241,35067.37589349378,0.6659762640128447,06,NA
05448242,35067.37589349378,0.6659762640128447,06,NA
05448331,87952.89661092973,1.281827984845909,06,NA
05448332,87952.89661092973,1.281827984845909,06,NA
05448451,59600.991485915605,1.1901227786344617,06,S49A
05448452,59600.991485915605,1.1901227786344617,06,S49A
05448471,26663.077156700496,0.6183025761306093,06,S49E
05448472,26663.077156700496,0.6183025761306093,06,S49E
05448541,26606.64677025169,1.1002064029587264,06,S49A
05448542,26606.64677025169,1.1002064029587264,06,S49A
05448781,177421.11712772623,2.4754624535861005,06,NA
05448782,177421.11712772623,2.4754624535861005,06,NA
05448861,24419.82682835673,0.5667289694857526,06,NA
05448862,24419.82682835673,0.5667289694857526,06,NA
05449001,49788.028295849836,1.7455092131650254,06,S49A
05449002,49788.028295849836,1.7455092131650254,06,S49A
05449211,72480.21753608703,1.0112779134919412,06,NA
05449212,72480.21753608703,1.0112779134919412,06,NA
05449312,31248.9534277724,0.4907238156922049,06,NA
05449431,35935.2118338419,0.7661883293260985,06,NA
05449432,35935.2118338419,0.7661883293260985,06,NA
05449691,18661.484502828887,1.2616548453690657,06,S49C
05449692,18661.484502828887,1.2616548453690657,06,S49C
05450291,71154.75887165795,1.9999659225017874,06,S49B
05450292,71154.75887165795,1.9999659225017874,06,S49B
05450311,72242.75052015048,0.95868978332978,06,NA
05450312,72242.75052015048,0.95868978332978,06,NA
05450461,67889.58486907925,1.3467506784111865,06,NA
05450462,67889.58486907925,1.3467506784111865,06,NA
05450811,79008.54121831327,1.1878104294602134,06,NA
05450812,79008.54121831327,1.1878104294602134,06,NA
05451031,39247.837244250484,0.44026492202183887,06,NA
05451032,39247.837244250484,0.44026492202183887,06,NA
05451291,33571.805695937495,0.6659762640128447,06,NA
05451292,33571.805695937495,0.6659762640128447,06,NA
05451341,22109.379731278936,0.4024681023923964,06,NA
05451342,22109.379731278936,0.4024681023923964,06,NA
05451521,22536.777412092266,1.7575585223926018,06,S49E
05451522,22536.777412092266,1.7575585223926018,06,S49E
05451861,19682.68147677813,0.40330334879921637,06,S49B
05451862,19682.68147677813,0.40330334879921637,06,S49B
05452351,34952.17547860119,0.9567398239484695,06,NA
05452352,34952.17547860119,0.9567398239484695,06,NA
05452421,12676.796996251338,0.6659762640128447,06,S49C
05452422,12676.796996251338,0.6659762640128447,06,S49C
05453011,50666.48842517894,1.3338639324662296,06,S49A
05453012,50666.48842517894,1.3338639324662296,06,S49A
05453101,11617.784007678656,0.8347611482201192,06,S49E
05453102,11617.784007678656,0.8347611482201192,06,S49E
05453151,51019.543957724825,1.184048264307047,06,NA
05453152,51019.543957724825,1.184048264307047,06,NA
05453171,80266.07102471654,2.3972316037917483,06,NA
05453172,80266.07102471654,2.3972316037917483,06,NA
05453211,8595.263272142884,0.5208731930178355,06,S49E
05453212,8595.263272142884,0.5208731930178355,06,S49E
05453831,52144.136874578406,1.0007489115147814,06,S49A
05453832,52144.136874578406,1.0007489115147814,06,S49A
05454051,29631.080846891127,0.5686789288670633,06,S49A
05454052,29631.080846891127,0.5686789288670633,06,S49A
05454221,31244.613498093404,1.0063634712120155,06,S49A
05454351,10018.51395390428,0.7160822966694717,06,S49E
05454352,10018.51395390428,0.7160822966694717,06,S49E
05454901,62989.061292461396,1.768922770776582,06,NA
05454902,62989.061292461396,1.768922770776582,06,NA
05455181,18966.995294552446,0.6056405020896858,06,S49B
05455182,18966.995294552446,0.6056405020896858,06,S49B
05455501,20238.193294078425,0.4907238156922049,06,S49B
05455502,12210.318688683616,0.4907238156922049,06,S49B
05456041,28180.001310690826,0.5408298483488316,06,S49A
05456042,28180.001310690826,0.5408298483488316,06,S49A
05456071,28658.8720492288,1.3041436256849612,06,S49E
05456072,28658.8720492288,1.3041436256849612,06,S49E
05456181,28608.10048459488,0.6056405020896858,06,S49B
05456182,28608.10048459488,0.6056405020896858,06,S49B
05456871,18414.41621697734,0.7264415503153456,06,S49C
05456872,21648.38375936118,0.8540203107537501,06,S49C
05457101,42975.408350763006,0.771628265384348,06,S49B
05457102,42975.408350763006,0.771628265384348,06,S49B
05457361,20894.423814925703,0.7110823065443359,06,S49C
05457362,20894.423814925703,0.7110823065443359,06,S49C
05457571,38349.022761582346,1.1002064029587264,06,S49A
05457572,38349.022761582346,1.1002064029587264,06,S49A
05457701,42563.79824820937,0.6684086087872363,06,NA
05457702,42563.79824820937,0.6684086087872363,06,NA
05458141,20293.613849522408,1.0063634712120155,06,S49E
05458142,20293.613849522408,1.0063634712120155,06,S49E
05458301,28590.598158365137,0.8311110228913756,06,S49E
05458302,28590.598158365137,0.8311110228913756,06,S49E
05458481,17904.96665398635,1.3963410189685828,06,S49E
05458482,17904.96665398635,1.3963410189685828,06,S49E
05458531,121014.23467271714,1.454577709656866,06,NA
05458532,121014.23467271714,1.454577709656866,06,NA
05459181,25053.233930471528,0.8311110228913756,06,S49E
05459182,25053.233930471528,0.8311110228913756,06,S49E
05459301,27602.357652523548,1.0063634712120155,06,S49C
05459302,27602.357652523548,1.0063634712120155,06,S49C
05459541,25563.448360856364,0.5388090181091032,06,S49A
05459542,25563.448360856364,0.5388090181091032,06,S49A
05459631,10948.687341432458,0.6659762640128447,06,S49A
05459632,10948.687341432458,0.6659762640128447,06,S49A
05460261,31248.9534277724,0.4907238156922049,06,NA
05460262,31248.9534277724,0.4907238156922049,06,NA
05460551,19613.3209931667,0.972627642520322,06,S49E
05460552,19613.3209931667,0.972627642520322,06,S49E
05460601,60204.44640057738,1.2021726694485702,06,S49A
05460602,60204.44640057738,1.2021726694485702,06,S49A
05461061,61945.605884952165,1.1276268604131392,06,NA
05461062,61945.605884952165,1.1276268604131392,06,NA
05461361,102906.63478967655,2.0942507910560124,06,S49A
05461362,102906.63478967655,2.0942507910560124,06,S49A
05461531,65475.56547905286,0.95868978332978,06,S49A
05461532,65475.56547905286,0.95868978332978,06,S49A
05462201,34989.36759365358,0.6445520346936189,06,NA
05462202,34989.36759365358,0.6445520346936189,06,NA
05462421,57548.85715628854,1.4646047634728823,06,S49C
05462422,57548.85715628854,1.4646047634728823,06,S49C
05462441,16082.19646334881,0.4907238156922049,06,S49B
05462442,16082.19646334881,0.4907238156922049,06,S49B
05462611,28586.51312464644,0.5408298483488316,06,NA
05462612,28586.51312464644,0.5408298483488316,06,NA
05462651,22314.666232570693,1.0982564435774158,06,S49A
05462652,22314.666232570693,1.0982564435774158,06,S49A
05462791,20052.3068903767,0.4907238156922049,06,S49B
05462792,20052.3068903767,0.4907238156922049,06,S49B
05462951,8905.26274169284,0.48001170103259183,06,S49C
05462952,8905.26274169284,0.48001170103259183,06,S49C
05463141,35701.29988232883,1.714240348589498,06,S49E
05463142,35701.29988232883,1.714240348589498,06,S49E
05463211,25893.1007559685,1.168488352398383,06,S49C
05463212,25893.1007559685,1.168488352398383,06,S49C
05463361,43453.022287779924,1.1002064029587264,06,S49B
05463362,43453.022287779924,1.1002064029587264,06,S49B
05463571,25831.872029276423,0.7318814863735948,06,S49A
05463572,25831.872029276423,0.7318814863735948,06,S49A
05463641,21560.422932105786,0.7661883293260985,06,S49C
05463642,21560.422932105786,0.7661883293260985,06,S49C
05464551,21940.499946830343,0.5686789288670633,06,S49A
05464552,21940.499946830343,0.5686789288670633,06,S49A
05464891,6334.122357438131,0.6659762640128447,06,S49E
05464892,6334.122357438131,0.6659762640128447,06,S49E
05465481,27367.34185813588,0.5408298483488316,06,NA
05465482,27367.34185813588,0.5408298483488316,06,NA
05465691,24890.20154260418,1.123230116990807,06,S49C
05465692,24890.20154260418,1.123230116990807,06,S49C
05465911,23235.772395442145,0.6684086087872363,06,S49E
05465912,9584.96598450924,0.27572458836081193,06,S49E
05466241,58378.51747941227,1.1637963917119298,06,NA
05466242,58378.51747941227,1.1637963917119298,06,NA
05466301,19897.718611231903,0.5686789288670633,06,S49A
05466302,19897.718611231903,0.5686789288670633,06,S49A
05466701,27087.854522627433,0.7538082454404964,06,S49A
05466702,27087.854522627433,0.7538082454404964,06,S49A
05466731,31521.32171259703,0.5408298483488316,06,NA
05466732,31521.32171259703,0.5408298483488316,06,NA
05466851,25459.78783185369,0.5667289694857526,06,S49A
05466852,25459.78783185369,0.5667289694857526,06,S49A
05467241,32869.85260673743,1.368238581693093,06,S49C
05467242,32869.85260673743,1.368238581693093,06,S49C
05467561,14704.385368819992,0.5289321498563103,06,S49A
05467562,14704.385368819992,0.5289321498563103,06,S49A
05467591,15245.777107916188,0.25,06,NA
05467592,15245.777107916188,0.25,06,NA
05467641,25481.693873839118,0.6043027259351904,06,S49A
05467642,25481.693873839118,0.6043027259351904,06,S49A
05467771,36258.86203587584,0.8311110228913756,06,S49A
05467772,36258.86203587584,0.8311110228913756,06,S49A
05468141,46498.311189601794,1.3502433400852636,06,S49A
05468142,46498.311189601794,1.3502433400852636,06,S49A
05468321,48264.88249086996,2.242232385898931,06,S49E
05468322,43074.14707275501,2.242232385898931,06,S49E
05469071,21493.945083312818,0.6183025761306093,06,S49E
05469072,21493.945083312818,0.6183025761306093,06,S49E
05469201,18800.77410088395,0.5408298483488316,06,S49E
05469202,18800.77410088395,0.5408298483488316,06,S49E
05470001,40785.76950422023,0.771628265384348,06,NA
05470002,40785.76950422023,0.771628265384348,06,NA
05470021,27381.191018293794,0.4907238156922049,06,NA
05470022,27381.191018293794,0.4907238156922049,06,NA
05470211,31678.540467010003,0.8311110228913756,06,S49C
05470212,31678.540467010003,0.8311110228913756,06,S49C
05470261,33051.366772467976,0.9197625000293967,06,S49A
05470262,33051.366772467976,0.9197625000293967,06,S49A
05470471,20549.174405027665,1.0063634712120155,06,S49E
05470472,20549.174405027665,1.0063634712120155,06,S49E
05470711,52438.466968663306,0.8311110228913756,06,NA
05470712,52438.466968663306,0.8311110228913756,06,NA
05470931,56047.31465708919,1.5569221166360974,06,S49A
05470932,56047.31465708919,1.5569221166360974,06,S49A
05471331,24392.98872759249,0.617616933700481,06,S49B
05471332,24392.98872759249,0.617616933700481,06,S49B
05471381,136089.16204342473,1.801296450549761,06,NA
05471382,136089.16204342473,1.801296450549761,06,NA
05471461,74034.55615781184,1.4245737436190522,06,NA
05471462,74034.55615781184,1.4245737436190522,06,NA
05471521,20653.307751754764,1.0751116078677592,06,S49E
05471522,20653.307751754764,1.0751116078677592,06,S49E
05471641,37618.78794220865,0.6684086087872363,06,S49B
05471642,37618.78794220865,0.6684086087872363,06,S49B
05471791,23158.483795350217,0.3635565697884632,06,NA
05471792,23158.483795350217,0.3635565697884632,06,NA
05471841,16863.53584336817,0.48196166041390254,06,S49A
05471842,16863.53584336817,0.48196166041390254,06,S49A
05471861,18932.872848925406,0.4907238156922049,06,S49A
05471862,18932.872848925406,0.4907238156922049,06,S49A
05471931,35527.67137914673,0.7398083952450774,06,NA
05471932,35527.67137914673,0.7398083952450774,06,NA
05472101,13744.728037909454,0.6659762640128447,06,S49B
05472102,13744.728037909454,0.6659762640128447,06,S49B
05472531,39212.723713340354,0.6659762640128447,06,S49A
05472532,39212.723713340354,0.6659762640128447,06,S49A
05472641,16882.65917897554,0.7661883293260985,06,S49A
05472642,16882.65917897554,0.7661883293260985,06,S49A
05472951,19058.144527376022,0.9234283760545905,06,S49B
05472952,19058.144527376022,0.9234283760545905,06,S49B
05473181,28251.172078235104,1.4815373985847953,06,S49A
05473182,35528.58038673259,1.8631765229352173,06,S49A
05473231,38831.957818527095,1.1002064029587264,06,S49A
05473232,38831.957818527095,1.1002064029587264,06,S49A
05473381,21500.89323043735,0.5778701546897278,06,S49A
05473382,21500.89323043735,0.5778701546897278,06,S49A
05473561,22706.571707400453,1.1002064029587264,06,S49B
05473562,22706.571707400453,1.1002064029587264,06,S49B
05474241,29005.48463327975,0.8217978620493299,06,S49A
05474242,29005.48463327975,0.8217978620493299,06,S49A
05474461,42794.92189072454,1.265232093081028,06,S49A
05474462,42794.92189072454,1.265232093081028,06,S49A
05474621,55756.391511146576,1.327649278184077,06,NA
05474622,55756.391511146576,1.327649278184077,06,NA
05475301,9391.319054290354,0.5208731930178355,06,S49C
05475302,9391.319054290354,0.5208731930178355,06,S49C
05475341,31764.466408954107,0.5208731930178355,06,NA
05475342,31764.466408954107,0.5208731930178355,06,NA
05475791,55733.18422262942,1.6477518876685133,06,S49A
05475792,55733.18422262942,1.6477518876685133,06,S49A
05476001,4667.290503079242,0.4907238156922049,06,S49E
05476002,4667.290503079242,0.4907238156922049,06,S49E
05476171,12071.588689454022,0.5408298483488316,06,S49E
05476172,12071.588689454022,0.5408298483488316,06,S49E
05476391,27233.04460386608,1.4281451384114034,06,S49A
05476392,27233.04460386608,1.4281451384114034,06,S49A
05476741,52205.012642497386,1.0870880394785545,06,NA
05476742,52205.012642497386,1.0870880394785545,06,NA
05476851,79608.65432241994,2.2835459250574193,06,S49C
05476852,79608.65432241994,2.2835459250574193,06,S49C
05476951,23855.055902537075,0.6183025761306093,06,S49A
05476952,23855.055902537075,0.6183025761306093,06,S49A
05477161,19897.718611231903,0.5686789288670633,06,S49A
05477162,19897.718611231903,0.5686789288670633,06,S49A
05477251,34123.34496496507,0.5408298483488316,06,NA
05477252,34123.34496496507,0.5408298483488316,06,NA
05477321,38302.937484991955,0.771628265384348,06,S49A
05477322,38302.937484991955,0.771628265384348,06,S49A
05477851,42208.05255889364,1.6368447452019654,06,S49A
05477852,42208.05255889364,1.6368447452019654,06,S49A
05479001,25028.624611660143,1.32932704908916,06,S49E
05479002,25028.624611660143,1.32932704908916,06,S49E
05479071,17022.284782984338,0.7198444618226383,06,S49C
05479072,17022.284782984338,0.7198444618226383,06,S49C
05479121,52191.99109932167,1.15243214332795,06,NA
05479122,52191.99109932167,1.15243214332795,06,NA
05479271,42603.60714378952,1.2616548453690657,06,S49C
05479272,42603.60714378952,1.2616548453690657,06,S49C
05480111,53979.26989183012,0.7198444618226383,06,NA
05480112,53979.26989183012,0.7198444618226383,06,NA
05480201,41073.23009065066,0.8474232222610427,06,NA
05480202,41073.23009065066,0.8474232222610427,06,NA
05480431,33537.21506526146,1.1002064029587264,06,S49B
05480432,33537.21506526146,1.1002064029587264,06,S49B
05480541,40949.35608047009,0.8700225554953086,06,NA
05480542,40949.35608047009,0.8700225554953086,06,NA
05480651,34136.718471710265,1.9325707311104576,06,S49E
05480652,34136.718471710265,1.9325707311104576,06,S49E
05480731,33199.729130258675,1.2639677761298462,06,S49A
05480732,33199.729130258675,1.2639677761298462,06,S49A
05480881,47557.51447092992,1.810592055382107,06,S49A
05480882,47557.51447092992,1.810592055382107,06,S49A
05480951,30730.011192319944,0.9567398239484695,06,S49B
05480952,30730.011192319944,0.9567398239484695,06,S49B
05480961,52703.594033322144,1.6830132949437027,06,S49A
05480962,52703.594033322144,1.6830132949437027,06,S49A
05481071,29842.171579131395,1.4646047634728823,06,S49C
05481072,29842.171579131395,1.4646047634728823,06,S49C
05481101,36803.873235842904,1.761135770104564,06,S49C
05481102,36803.873235842904,1.761135770104564,06,S49C
05481111,25129.886005671666,0.7661883293260985,06,S49B
05481112,25129.886005671666,0.7661883293260985,06,S49B
05481161,21865.831898607827,1.293002440480986,06,S49C
05481162,21865.831898607827,1.293002440480986,06,S49C
05481711,13259.957037717722,0.7841072267428184,06,S49C
05481712,13259.957037717722,0.7841072267428184,06,S49C
05481741,65199.083918746015,0.7661883293260985,06,S49A
05481742,65199.083918746015,0.7661883293260985,06,S49A
05482641,24500.019526002998,1.3523507631212404,06,S49E
05482642,24500.019526002998,1.3523507631212404,06,S49E
05482701,25114.447295240603,0.769950494479265,06,S49C
05482702,25114.447295240603,0.769950494479265,06,S49C
05482831,17011.56167126632,0.6445520346936189,06,S49B
05482832,17011.56167126632,0.6445520346936189,06,S49B
05483131,9184.84273857859,0.4013533894179059,06,S49C
05483132,9184.84273857859,0.4013533894179059,06,S49C
05483331,8846.461862314767,0.27572458836081193,06,S49A
05483332,8846.461862314767,0.27572458836081193,06,S49A
05483451,31345.50823303361,0.6659762640128447,06,NA
05483452,31345.50823303361,0.6659762640128447,06,NA
05483631,49676.28159244716,1.0007489115147814,06,S49A
05483632,49676.28159244716,1.0007489115147814,06,S49A
05483651,15463.45747870005,0.48196166041390254,06,S49A
05483652,15463.45747870005,0.48196166041390254,06,S49A
05483951,15293.182347288119,0.5408298483488316,06,S49E
05483952,15293.182347288119,0.5408298483488316,06,S49E
05484011,19975.153575092776,1.314519987859991,06,S49E
05484012,21913.812063523863,1.4420987482983956,06,S49E
05484431,28810.06852384445,0.95868978332978,06,S49B
05484432,28810.06852384445,0.95868978332978,06,S49B
05484491,52031.26213173566,1.1488831461598301,06,NA
05484492,52031.26213173566,1.1488831461598301,06,NA
05484611,60871.51806091493,1.1878104294602134,06,NA
05484641,24418.842618065548,1.168488352398383,06,S49C
05484642,24418.842618065548,1.168488352398383,06,S49C
05485131,61479.61042727256,1.9632627264781806,06,S49A
05485132,61479.61042727256,1.9632627264781806,06,S49A
05485181,14590.482596606536,0.9475328474293547,06,S49B
05485182,14590.482596606536,0.9475328474293547,06,S49B
05485311,62381.17446214087,0.8436610571078762,06,NA
05485312,41840.86041692004,0.8436610571078762,06,NA
05485461,51910.55924402314,2.013111739768498,06,S49A
05485462,51910.55924402314,2.013111739768498,06,S49A
05486001,21674.021461099695,0.6659762640128447,06,S49A
05486002,21674.021461099695,0.6659762640128447,06,S49A
05486041,5721.169286685,0.25,06,S49C
05486042,5721.169286685,0.25,06,S49C
05486161,31618.936923208235,0.8627655383575046,06,NA
05486162,31618.936923208235,0.8627655383575046,06,NA
05486341,84565.385703722,2.700473678159798,06,S49A
05486342,84565.385703722,2.700473678159798,06,S49A
05486601,20151.079591528094,0.5686789288670633,06,S49A
05486602,20151.079591528094,0.5686789288670633,06,S49A
05486751,8343.93938145325,0.6659762640128447,06,S49E
05486752,8343.93938145325,0.6659762640128447,06,S49E
05486881,11269.798317475866,0.7318814863735948,06,S49B
05486882,9305.29050233972,0.6043027259351904,06,S49B
05486911,65825.24465776944,1.4534629966823753,06,NA
05486912,65825.24465776944,1.4534629966823753,06,NA
05486921,24848.285863390152,0.626229485002092,06,NA
05486922,24848.285863390152,0.626229485002092,06,NA
05487011,48492.758426290704,2.5268887069420214,06,S49C
05487012,48492.758426290704,2.5268887069420214,06,S49C
05487021,51246.59343334583,2.0223035471776942,06,S49A
05487022,51246.59343334583,2.0223035471776942,06,S49A
05487201,26683.338106527786,0.9097360277999123,06,S49B
05487202,26683.338106527786,0.9097360277999123,06,S49B
05487331,23981.10113844743,0.9086213148254216,06,S49B
05487332,23981.10113844743,0.9086213148254216,06,S49B
05487501,37998.64728888073,0.7661883293260985,06,NA
05487502,37998.64728888073,0.7661883293260985,06,NA
05487561,36365.23386672092,1.065831753731863,06,S49C
05487562,36365.23386672092,1.065831753731863,06,S49C
05487591,13469.370320332795,0.8193019532665833,06,S49A
05487592,13469.370320332795,0.8193019532665833,06,S49A
05487901,37248.643767800546,1.1596891604657542,06,S49B
05487902,37248.643767800546,1.1596891604657542,06,S49B
05488441,34553.62053640741,0.8708244951959794,06,NA
05488442,34553.62053640741,0.8708244951959794,06,NA
05488551,51035.62837109548,1.0843185843868741,06,NA
05488552,51035.62837109548,1.0843185843868741,06,NA
05488601,61367.19134234738,0.8311110228913756,06,NA
05488602,61367.19134234738,0.8311110228913756,06,NA
05489231,25759.058233075277,0.8436610571078762,06,S49A
05489232,25759.058233075277,0.8436610571078762,06,S49A
05489631,96012.56161660093,2.6486618392250185,06,NA
05489632,96012.56161660093,2.6486618392250185,06,NA
05490441,9794.520498030639,0.45097703668145195,06,S49C
05490442,9794.520498030639,0.45097703668145195,06,S49C
05490611,18938.898857822725,0.44026492202183887,06,S49A
05490612,24426.960975634338,0.5678436824602433,06,S49A
05490881,55216.05540237931,1.5584476952195934,06,S49C
05490882,55216.05540237931,1.5584476952195934,06,S49C
05491111,35229.46450954709,0.6659762640128447,06,NA
05491112,35229.46450954709,0.6659762640128447,06,NA
05491221,24004.6704162236,0.7318814863735948,06,S49B
05491222,24004.6704162236,0.7318814863735948,06,S49B
05491371,87690.4318545665,1.1002064029587264,06,S49B
05491372,87690.4318545665,1.1002064029587264,06,S49B
05492071,23867.525250730654,0.8311110228913756,06,S49E
05492072,23867.525250730654,0.8311110228913756,06,S49E
05492281,45546.96531737914,1.147880090840962,06,NA
05492282,45546.96531737914,1.147880090840962,06,NA
05492541,29406.68010186475,1.6484438178527938,06,S49C
05492542,29406.68010186475,1.6484438178527938,06,S49C
05492611,56434.371403483034,1.032090693319332,06,NA
05492612,56434.371403483034,1.032090693319332,06,NA
05492711,55840.08699354325,0.9476229459147035,06,NA
05492712,55840.08699354325,0.9476229459147035,06,NA
05493001,16078.58559121909,0.7559109919706504,06,S49E
05493002,16078.58559121909,0.7559109919706504,06,S49E
05493071,40989.471594162336,0.9908076249445922,06,S49A
05493072,40989.471594162336,0.9908076249445922,06,S49A
05493141,29857.570146059978,0.7158924952693695,06,S49A
05493142,29857.570146059978,0.7158924952693695,06,S49A
05493191,21526.129473822897,0.5732545773514295,06,S49A
05493192,21526.129473822897,0.5732545773514295,06,S49A
05493341,34609.85090392945,1.9563596610100311,06,S49C
05493342,34609.85090392945,1.9563596610100311,06,S49C
05493421,62137.932443719255,1.0544992632653798,06,NA
05493422,62137.932443719255,1.0544992632653798,06,NA
05493471,24639.873062292427,1.1028317572651758,06,S49E
05493472,24639.873062292427,1.1028317572651758,06,S49E
05493691,45476.87734339194,1.1658549016238382,06,S49A
05493692,45476.87734339194,1.1658549016238382,06,S49A
05493851,24038.73876193738,0.640166967582052,06,S49A
05493852,24038.73876193738,0.640166967582052,06,S49A
05493891,7811.190341195893,0.35956251480681556,06,S49E
05493892,7811.190341195893,0.35956251480681556,06,S49E
05494241,25778.112654058386,0.640166967582052,06,NA
05494242,25778.112654058386,0.640166967582052,06,NA
05494251,42082.272386640354,1.077259795990032,06,S49B
05494252,42082.272386640354,1.077259795990032,06,S49B
05494961,8297.288171422817,0.46643883215749193,06,S49C
05495121,40173.26977868327,1.184959906674389,06,S49B
05495122,40173.26977868327,1.184959906674389,06,S49B
05495271,15339.461998068662,0.5951923179800638,06,S49C
05495272,15339.461998068662,0.5951923179800638,06,S49C
05495371,18038.126977185257,0.8303259829830765,06,S49E
05495372,18038.126977185257,0.8303259829830765,06,S49E
05495431,28997.933802443804,0.9591400409623871,06,S49A
05495432,28997.933802443804,0.9591400409623871,06,S49A
05495541,18347.204320664496,0.9093621262672726,06,S49C
05495542,18347.204320664496,0.9093621262672726,06,S49C
05496591,53884.646949010064,1.0957468485437,06,NA
05496592,53884.646949010064,1.0957468485437,06,NA
05496791,54394.3888862656,1.0424227390127352,06,S49A
05496792,54394.3888862656,1.0424227390127352,06,S49A
05496911,47250.19911115538,1.1028317572651758,06,S49A
05496912,47250.19911115538,1.1028317572651758,06,S49A
05496951,53286.02044917727,1.4721492484116965,06,S49A
05496952,53286.02044917727,1.4721492484116965,06,S49A
05497401,55894.785039426206,0.9908076249445922,06,NA
05497402,55894.785039426206,0.9908076249445922,06,NA
05497501,11374.878484548432,0.386456408336157,06,S49E
05497502,11374.878484548432,0.386456408336157,06,S49E
05498101,22470.158764861797,0.763413592752454,06,S49E
05498102,22470.158764861797,0.763413592752454,06,S49E
05498401,24653.164633945144,0.7158924952693695,06,S49B
05498402,24653.164633945144,0.7158924952693695,06,S49B
05498461,16238.110843566845,0.4938581245854742,06,S49A
05498462,16238.110843566845,0.4938581245854742,06,S49A
05498631,32360.520617180613,0.7613501757980717,06,S49A
05498632,32360.520617180613,0.7613501757980717,06,S49A
05499031,29123.782327715027,0.6670608611113936,06,S49A
05499032,16872.631826698176,0.386456408336157,06,S49A
05499051,15458.454830570796,0.5799260393340602,06,S49A
05499052,15458.454830570796,0.5799260393340602,06,S49A
05499071,41213.560455380924,0.742032562450794,06,NA
05499072,41213.560455380924,0.742032562450794,06,NA
05499211,27235.190746081218,0.7743546753147291,06,S49B
05499212,27235.190746081218,0.7743546753147291,06,S49B
05499471,11479.278776961852,0.4828091399772174,06,NA
05499472,11479.278776961852,0.4828091399772174,06,NA
05499741,43016.26200085722,1.1892024113267268,06,S49B
05499742,43016.26200085722,1.1892024113267268,06,S49B
05500171,30334.51945782745,0.7559109919706504,06,S49B
05500172,30334.51945782745,0.7559109919706504,06,S49B
05500331,29206.796965246303,0.7562739192420824,06,S49A
05500332,29206.796965246303,0.7562739192420824,06,S49A
05500931,30204.34245634652,0.9990433959257022,06,S49A
05500932,28512.147150878503,0.9430720882573549,06,S49A
05501191,48031.63296175774,1.8451565357088104,06,S49C
05501192,48031.63296175774,1.8451565357088104,06,S49C
05501361,22938.221152952363,0.8605304921092968,06,S49A
05501362,22938.221152952363,0.8605304921092968,06,S49A
05501441,26990.75796861336,0.6801308947021059,06,S49A
05501442,26990.75796861336,0.6801308947021059,06,S49A
05501511,51856.248169515115,1.0544992632653798,06,NA
05501512,51856.248169515115,1.0544992632653798,06,NA
05501901,56171.699417480326,0.763413592752454,06,NA
05501902,56171.699417480326,0.763413592752454,06,NA
05501921,10488.618628272123,0.4828091399772174,06,S49E
05501922,10488.618628272123,0.4828091399772174,06,S49E
05502351,23352.34326357083,0.5799260393340602,06,NA
05502352,23352.34326357083,0.5799260393340602,06,NA
05502451,14511.721337259973,0.386456408336157,06,S49A
05502452,14511.721337259973,0.386456408336157,06,S49A
05502901,64359.52350925689,1.4433504535607218,06,S49A
05502902,64359.52350925689,1.4433504535607218,06,S49A
05503581,33340.563974184,0.8633127082199674,06,S49A
05503582,33340.563974184,0.8633127082199674,06,S49A
05503711,38581.162064020864,0.6801308947021059,06,NA
05503712,38581.162064020864,0.6801308947021059,06,NA
05504051,20664.715815529245,0.763413592752454,06,S49B
05504052,20664.715815529245,0.763413592752454,06,S49B
05504091,52341.491018888,1.244100687337828,06,S49A
05504092,52341.491018888,1.244100687337828,06,S49A
05504111,24019.329255360648,0.7074422850841067,06,S49C
05504112,24019.329255360648,0.7074422850841067,06,S49C
05504171,22699.23186450371,0.9231148105898784,06,S49E
05504172,22699.23186450371,0.9231148105898784,06,S49E
05504511,30820.047400714815,0.5282799277494412,06,NA
05504512,30820.047400714815,0.5282799277494412,06,NA
05504591,42590.63072484368,1.1028317572651758,06,S49A
05504592,42590.63072484368,1.1028317572651758,06,S49A
05504621,34302.139973169054,0.8852504488486017,06,S49B
05504622,34302.139973169054,0.8852504488486017,06,S49B
05504831,33110.18769384781,1.8715895584907094,06,S49C
05504832,33110.18769384781,1.8715895584907094,06,S49C
05505111,49822.70859660665,1.8638179489235258,06,S49A
05505112,49822.70859660665,1.8638179489235258,06,S49A
05505331,17967.782870259238,0.954068746323714,06,S49E
05505332,17967.782870259238,0.954068746323714,06,S49E
05505351,11181.390268285082,0.6801308947021059,06,S49A
05505352,11181.390268285082,0.6801308947021059,06,S49A
05505651,17328.573377736342,0.640166967582052,06,S49B
05505652,17328.573377736342,0.640166967582052,06,S49B
05505821,32733.640309591414,0.5282799277494412,06,NA
05505822,50120.644327602844,0.8088843805246777,06,NA
05505881,6357.575476596937,0.292650124576193,06,S49E
05505882,6357.575476596937,0.292650124576193,06,S49E
05505991,66138.22060021694,0.8605304921092968,06,NA
05505992,66138.22060021694,0.8605304921092968,06,NA
05506041,30028.29011856268,0.8857212781660154,06,S49B
05506042,30028.29011856268,0.8857212781660154,06,S49B
05506051,37165.10120754189,1.1416813138436421,06,S49A
05506052,37165.10120754189,1.1416813138436421,06,S49A
05506171,28986.89483172727,0.742032562450794,06,S49B
05506172,28986.89483172727,0.742032562450794,06,S49B
05506331,20664.715815529245,0.763413592752454,06,S49B
05506332,20664.715815529245,0.763413592752454,06,S49B
05506401,44063.82501681764,0.8058539960826465,06,NA
05506402,44063.82501681764,0.8058539960826465,06,NA
05507001,36492.47518090988,0.9093621262672726,06,S49B
05507002,36492.47518090988,0.9093621262672726,06,S49B
05507421,46063.02647948401,1.994278592332535,06,S49B
05507422,46063.02647948401,1.994278592332535,06,S49B
05507691,96128.74048125668,1.0768968687186,06,S49A
05507692,96128.74048125668,1.0768968687186,06,S49A
05507721,50114.5571740928,1.5281205560800437,06,S49C
05507722,50114.5571740928,1.5281205560800437,06,S49C
05507871,46096.643334419925,1.7226862845486854,06,S49C
05507872,46096.643334419925,1.7226862845486854,06,S49C
05507921,44791.81911372274,0.7743546753147291,06,S49B
05507922,44791.81911372274,0.7743546753147291,06,S49B
05507971,15971.995114485362,0.8497172757306144,06,S49C
05507972,15971.995114485362,0.8497172757306144,06,S49C
05508011,13235.741618019103,0.8122452269104297,06,S49E
05508012,13235.741618019103,0.8122452269104297,06,S49E
05508061,39630.91502549602,0.8526266508831428,06,S49A
05508062,39630.91502549602,0.8526266508831428,06,S49A
05508161,33743.5508663021,0.6220862115094052,06,NA
05508162,33743.5508663021,0.6220862115094052,06,NA
05508401,15352.796950556052,0.8746722935577587,06,S49B
05508402,15352.796950556052,0.8746722935577587,06,S49B
05508532,21337.689553989014,0.4938581245854742,06,S49A
05508591,36359.538931815514,1.358799133723101,06,S49C
05508592,36359.538931815514,1.358799133723101,06,S49C
05508981,26426.10085923789,1.1028317572651758,06,S49C
05508982,26426.10085923789,1.1028317572651758,06,S49C
05509791,47513.689974118824,1.184959906674389,06,S49A
05509792,47513.689974118824,1.184959906674389,06,S49A
05509991,19378.354376690666,1.1892024113267268,06,S49E
05509992,19378.354376690666,1.1892024113267268,06,S49E
05510011,32674.14796735431,1.1303371259103874,06,S49A
05510012,32674.14796735431,1.1303371259103874,06,S49A
05510061,17076.268343896485,0.386456408336157,06,NA
05510062,17076.268343896485,0.386456408336157,06,NA
05510221,47607.48913422723,1.7791483856720576,06,S49C
05510222,47607.48913422723,1.7791483856720576,06,S49C
05510471,95475.91167019609,1.6027532769631065,06,S49C
05510472,95475.91167019609,1.6027532769631065,06,S49C
05510961,24059.92199145497,0.5282799277494412,06,S49A
05510962,32604.52779992509,0.7158924952693695,06,S49A
05511131,27142.289763502464,0.7559109919706504,06,S49A
05511132,27142.289763502464,0.7559109919706504,06,S49A
05511221,11303.907273435027,0.386456408336157,06,S49A
05511222,11303.907273435027,0.386456408336157,06,S49A
05511421,55938.40181009756,0.7966553432147954,06,NA
05511422,55938.40181009756,0.7966553432147954,06,NA
05511651,12644.274125052403,0.292650124576193,06,S49A
05511652,18442.00328454448,0.42683783230887007,06,S49A
05511921,39191.90456397183,0.8605304921092968,06,S49A
05511922,39191.90456397183,0.8605304921092968,06,S49A
05512131,27026.509394440895,0.5799260393340602,06,NA
05512132,27026.509394440895,0.5799260393340602,06,NA
05512181,40465.334135103265,0.6670608611113936,06,NA
05512182,40465.334135103265,0.6670608611113936,06,NA
05512281,31456.010764760173,1.3560139170248628,06,S49E
05512282,31456.010764760173,1.3560139170248628,06,S49E
05512341,24703.358310938005,1.1892024113267268,06,S49E
05512342,24703.358310938005,1.1892024113267268,06,S49E
05512681,26537.05716659731,0.6220862115094052,06,S49B
05512682,26537.05716659731,0.6220862115094052,06,S49B
05512811,41041.66803615309,0.9427091609859228,06,S49B
05512812,41041.66803615309,0.9427091609859228,06,S49B
05512911,35690.14400566023,1.2346731990989506,06,S49A
05512912,35690.14400566023,1.2346731990989506,06,S49A
05512991,28655.25755732035,0.5282799277494412,06,NA
05512992,28655.25755732035,0.5282799277494412,06,NA
05513091,20692.791785565896,0.7074422850841067,06,S49A
05513092,20692.791785565896,0.7074422850841067,06,S49A
05513181,17059.85083486084,0.5282799277494412,06,S49A
05513182,17059.85083486084,0.5282799277494412,06,S49A
05513261,37851.42058159029,0.5799260393340602,06,NA
05513262,37851.42058159029,0.5799260393340602,06,NA
05513301,54103.29188948059,0.5799260393340602,06,NA
05513302,54103.29188948059,0.5799260393340602,06,NA
05513461,24148.019586090988,0.386456408336157,06,NA
05513462,24148.019586090988,0.386456408336157,06,NA
05513581,55567.54948264081,1.2725081751905671,06,NA
05513582,55567.54948264081,1.2725081751905671,06,NA
05513981,11142.783829801854,0.386456408336157,06,S49C
05513982,11142.783829801854,0.386456408336157,06,S49C
05514441,20915.104601507275,0.763413592752454,06,S49B
05514442,20915.104601507275,0.763413592752454,06,S49B
05515251,24410.786952267707,0.7559109919706504,06,S49A
05515252,24410.786952267707,0.7559109919706504,06,S49A
05515561,24148.019586090988,0.386456408336157,06,NA
05515562,24148.019586090988,0.386456408336157,06,NA
05515891,28640.831308224304,0.9908076249445922,06,S49A
05515892,28640.831308224304,0.9908076249445922,06,S49A
05516641,33495.96539017249,1.1892024113267268,06,S49A
05516642,33495.96539017249,1.1892024113267268,06,S49A
05516771,32925.046687222646,0.7562739192420824,06,S49B
05516772,32925.046687222646,0.7562739192420824,06,S49B
05516941,47146.18811155261,0.763413592752454,06,S49A
05516942,47146.18811155261,0.763413592752454,06,S49A
05517351,32090.245955395792,1.3833546930565235,06,S49E
05517421,17938.933643152217,0.8635677334454179,06,S49E
05517422,17938.933643152217,0.8635677334454179,06,S49E
05517491,64075.870108051815,1.0578279172211964,06,NA
05517492,64075.870108051815,1.0578279172211964,06,NA
05517581,21804.808360953844,1.1303371259103874,06,S49C
05517582,21804.808360953844,1.1303371259103874,06,S49C
05517901,28778.219292098478,1.3791121884041857,06,S49E
05517902,28778.219292098478,1.3791121884041857,06,S49E
05518341,16721.999376287793,0.5936787236566661,06,S49A
05518342,16721.999376287793,0.5936787236566661,06,S49A
05518561,63177.119256364465,1.9563596610100311,06,S49A
05518562,63177.119256364465,1.9563596610100311,06,S49A
05518661,30615.032542420628,0.8526266508831428,06,S49A
05518662,30615.032542420628,0.8526266508831428,06,S49A
05518671,17154.246021418254,0.7158924952693695,06,S49C
05518672,17154.246021418254,0.7158924952693695,06,S49C
05518691,18500.043059177915,1.0511856456805568,06,S49E
05518692,18500.043059177915,1.0511856456805568,06,S49E
05518801,36711.73003363344,0.8627873093213267,06,NA
05518802,36711.73003363344,0.8627873093213267,06,NA
05520021,22909.17660182746,1.1028317572651758,06,S49E
05520022,29057.86911773391,1.1028317572651758,06,S49E
05520501,37043.27683432615,0.9093621262672726,06,NA
05520502,37043.27683432615,0.9093621262672726,06,NA
05520751,77025.00975250997,1.8424667790770266,06,NA
05520752,77025.00975250997,1.8424667790770266,06,NA
05521281,23196.709480827212,0.6845132781567341,06,S49A
05521282,23196.709480827212,0.6845132781567341,06,S49A
05521291,12918.507924658968,0.763413592752454,06,S49E
05521292,12918.507924658968,0.763413592752454,06,S49E
05521351,26643.96078100116,0.742032562450794,06,S49A
05521352,32624.779016957164,0.9085979585514902,06,S49A
05521481,101826.70331649389,1.9520275391461759,06,NA
05521482,101826.70331649389,1.9520275391461759,06,NA
05521561,30461.3335586804,0.7158924952693695,06,NA
05521562,30461.3335586804,0.7158924952693695,06,NA
05521601,24249.98202323506,0.5732545773514295,06,NA
05521602,24249.98202323506,0.5732545773514295,06,NA
05522191,19551.382102254178,0.742032562450794,06,S49E
05522192,19551.382102254178,0.742032562450794,06,S49E
05522491,42914.957414131524,0.7074422850841067,06,NA
05522492,42914.957414131524,0.7074422850841067,06,NA
05522591,28218.202748755877,0.6670608611113936,06,NA
05522592,28218.202748755877,0.6670608611113936,06,NA
05522691,54368.99841088598,1.5056935649771637,06,S49A
05522692,54368.99841088598,1.5056935649771637,06,S49A
05523741,12072.705400096645,0.292650124576193,06,S49A
05523742,12072.705400096645,0.292650124576193,06,S49A
05523761,68235.30733955496,0.7158924952693695,06,NA
05523762,68235.30733955496,0.7158924952693695,06,NA
05524101,28082.896332686876,0.7693439528327946,06,S49E
05524102,28082.896332686876,0.7693439528327946,06,S49E
05524161,9854.034063932757,0.42683783230887007,06,S49E
05524171,14932.361061652751,0.386456408336157,06,S49B
05524172,14932.361061652751,0.386456408336157,06,S49B
05524731,22875.694615739387,0.5732545773514295,06,S49A
05524732,22875.694615739387,0.5732545773514295,06,S49A
05524861,27466.331542711567,0.7074422850841067,06,S49A
05524862,27466.331542711567,0.7074422850841067,06,S49A
05525181,114511.67850991002,1.8451565357088104,06,NA
05525182,114511.67850991002,1.8451565357088104,06,NA
05525321,34013.1330031139,0.5799260393340602,06,NA
05525322,34013.1330031139,0.5799260393340602,06,NA
05525621,35772.56792791331,1.0924181945878835,06,S49B
05525622,35772.56792791331,1.0924181945878835,06,S49B
05526271,38230.995215236886,1.0687406200566683,06,S49B
05526272,38230.995215236886,1.0687406200566683,06,S49B
05526341,52823.57806592796,1.41133069581148,06,NA
05526342,52823.57806592796,1.41133069581148,06,NA
05526541,12781.63110013739,0.46643883215749193,06,S49C
05526542,12781.63110013739,0.46643883215749193,06,S49C
05526571,30732.193190395472,1.3909065495062434,06,S49E
05526572,30732.193190395472,1.3909065495062434,06,S49E
05527171,50579.70780664594,1.8451565357088104,06,S49A
05527172,50579.70780664594,1.8451565357088104,06,S49A
05527251,24871.885410811174,1.1892024113267268,06,S49E
05527252,24871.885410811174,1.1892024113267268,06,S49E
05527301,20650.598182477628,1.2561148015573491,06,S49A
05527302,20650.598182477628,1.2561148015573491,06,S49A
05527351,59436.28567272336,1.4467699551286093,06,S49A
05527352,59436.28567272336,1.4467699551286093,06,S49A
05527461,49811.52493651932,2.151257319233629,06,S49E
05527462,49811.52493651932,2.151257319233629,06,S49E
05527591,57817.8580039337,1.0467789326129395,06,NA
05527592,57817.8580039337,1.0467789326129395,06,NA
05527881,41492.064336727766,0.7074422850841067,06,NA
05527882,41492.064336727766,0.7074422850841067,06,NA
05528631,30791.96996386203,0.9093621262672726,06,S49B
05528632,30791.96996386203,0.9093621262672726,06,S49B
05528661,29414.306059032075,1.789185228040463,06,S49A
05528662,29414.306059032075,1.789185228040463,06,S49A
05528831,26719.0602389084,0.7689810255613627,06,S49A
05528832,26719.0602389084,0.7689810255613627,06,S49A
05528901,50886.6099120774,0.9634962345625914,06,NA
05528902,50886.6099120774,0.9634962345625914,06,NA
05529011,22302.989970442013,0.386456408336157,06,NA
05529012,22302.989970442013,0.386456408336157,06,NA
05529141,36927.54695491191,1.4382529690676247,06,S49B
05529142,36927.54695491191,1.4382529690676247,06,S49B
05529151,18588.459091239092,1.6943069185461095,06,S49C
05529152,18588.459091239092,1.6943069185461095,06,S49C
05529401,13606.426889141425,0.35956251480681556,06,S49C
05529402,13606.426889141425,0.35956251480681556,06,S49C
05529421,35115.63677219766,0.9125912248802625,06,S49B
05529422,35115.63677219766,0.9125912248802625,06,S49B
05529571,47558.71445503063,0.5799260393340602,06,NA
05529572,47558.71445503063,0.5799260393340602,06,NA
05529771,16889.285964677252,0.292650124576193,06,NA
05529772,16889.285964677252,0.292650124576193,06,NA
05530071,19353.915568175227,1.2568789692731317,06,S49B
05530072,19353.915568175227,1.2568789692731317,06,S49B
05530481,47558.71445503063,0.5799260393340602,06,NA
05530482,47558.71445503063,0.5799260393340602,06,NA
05530531,41848.18267437634,1.7336383316037884,06,S49A
05530532,41848.18267437634,1.7336383316037884,06,S49A
05530741,32667.49572936678,0.6500914749927671,06,NA
05530742,32667.49572936678,0.6500914749927671,06,NA
05530871,81236.26384828647,0.5607705148160967,06,NA
05530872,81236.26384828647,0.5607705148160967,06,NA
05530941,10885.038745689228,0.6621047082106863,06,S49A
05530942,14399.144115828061,0.8758573429120389,06,S49A
05531101,22753.080737851633,0.8303259829830765,06,S49C
05531102,22753.080737851633,0.8303259829830765,06,S49C
05531301,18375.43699464166,1.1933347662085594,06,S49B
05531302,18375.43699464166,1.1933347662085594,06,S49B
05531661,45345.364318584485,1.3791121884041857,06,S49A
05532191,21411.067771322356,0.9274428823399193,06,S49E
05532192,21411.067771322356,0.9274428823399193,06,S49E
05532571,39096.7562572452,0.7158924952693695,06,NA
05532572,39096.7562572452,0.7158924952693695,06,NA
05532671,12677.878588846885,0.386456408336157,06,S49E
05532672,12677.878588846885,0.386456408336157,06,S49E
05533431,65695.21262933633,2.7607231996903265,06,S49C
05533432,65695.21262933633,2.7607231996903265,06,S49C
05533471,12249.480415515302,0.5282799277494412,06,S49C
05533472,12249.480415515302,0.5282799277494412,06,S49C
05533601,13010.78506143106,0.6220862115094052,06,S49E
05533602,13010.78506143106,0.6220862115094052,06,S49E
05533961,19173.961284083733,0.4938581245854742,06,S49A
05533962,19173.961284083733,0.4938581245854742,06,S49A
05533971,32200.806841185713,1.323027191787972,06,S49E
05533972,32200.806841185713,1.323027191787972,06,S49E
05534051,90930.32585956107,0.996496948044606,06,NA
05534081,45081.5134344601,1.2894644540656723,06,S49A
05534082,57900.90152263196,1.656136821589495,06,S49A
05534251,25662.839415125585,0.9361848441805907,06,S49A
05534252,25662.839415125585,0.9361848441805907,06,S49A
05534431,32482.298754754294,1.184959906674389,06,S49A
05534432,32482.298754754294,1.184959906674389,06,S49A
05534611,22772.427439660732,1.1328681763869473,06,S49E
05534612,22772.427439660732,1.1328681763869473,06,S49E
05534881,20650.598182477628,1.2561148015573491,06,S49A
05534882,20650.598182477628,1.2561148015573491,06,S49A
05535181,71595.10023103023,1.2409312143427362,06,NA
05535182,71595.10023103023,1.2409312143427362,06,NA
05535591,29948.319316728932,0.5282799277494412,06,S49A
05535592,20946.310362195334,0.3694870222175306,06,S49A
05535811,39096.7562572452,0.7158924952693695,06,NA
05535812,39096.7562572452,0.7158924952693695,06,NA
05535911,16288.933235639144,0.9908076249445922,06,S49A
05535912,16288.933235639144,0.9908076249445922,06,S49A
05536011,18264.24425560912,0.9085979585514902,06,S49E
05536012,18264.24425560912,0.9085979585514902,06,S49E
05536021,34712.820979602155,0.9990433959257022,06,S49A
05536022,34712.820979602155,0.9990433959257022,06,S49A
05536041,93343.37006502057,2.61758382968884,06,S49A
05536042,93343.37006502057,2.61758382968884,06,S49A
05536631,56687.387047413926,1.3798575648979867,06,S49A
05536632,56687.387047413926,1.3798575648979867,06,S49A
05537121,20846.31298636562,0.5732545773514295,06,S49B
05537122,20846.31298636562,0.5732545773514295,06,S49B
05537291,40769.46013885845,0.8063248254000601,06,NA
05537292,40769.46013885845,0.8063248254000601,06,NA
05537561,37987.16114004959,1.0865450218784427,06,S49A
05537562,31680.134336448173,0.906145424471252,06,S49A
05608121,47052.920677075825,1.2102241821802666,06,NA
05608122,47052.920677075825,1.2102241821802666,06,NA
05608991,35697.66941474123,1.056942968433317,06,S49A
05608992,35697.66941474123,1.056942968433317,06,S49A
05609291,29901.86820657196,0.8643044056420417,06,S49A
05609292,29901.86820657196,0.8643044056420417,06,S49A
05609331,58076.477151914514,1.0395528646937011,06,NA
05609332,58076.477151914514,1.0395528646937011,06,NA
05609481,59476.776167497184,0.7999391433467219,06,NA
05609482,59476.776167497184,0.7999391433467219,06,NA
05609501,18861.50021864457,0.3511106820576595,06,S49A
05609502,18861.50021864457,0.3511106820576595,06,S49A
05609721,27200.20692289859,0.8666899645015268,06,S49C
05609722,27200.20692289859,0.8666899645015268,06,S49C
05610291,17287.172812187884,0.6244587854403612,06,S49C
05610292,17287.172812187884,0.6244587854403612,06,S49C
05610781,57025.12029150863,0.6294997247148577,06,S49A
05610782,57025.12029150863,0.6294997247148577,06,S49A
05610791,46978.16409404511,0.8745081274379225,06,S49A
05610792,46978.16409404511,0.8745081274379225,06,S49A
05610841,33576.44198070218,0.9734310301094988,06,S49A
05610842,18717.14288528516,0.5426378319061186,06,S49A
05610871,41723.359624307566,0.9111468892774053,06,S49A
05610872,41723.359624307566,0.9111468892774053,06,S49A
05610941,32841.30896179996,0.658347445666699,06,NA
05610942,32841.30896179996,0.658347445666699,06,NA
05611041,59603.35575434009,1.1438704487413631,06,NA
05611042,59603.35575434009,1.1438704487413631,06,NA
05612741,57237.563720108046,2.141318373400096,06,S49C
05612742,57237.563720108046,2.141318373400096,06,S49C
05613041,34906.80678515407,1.700226811199833,06,S49B
05613042,34906.80678515407,1.700226811199833,06,S49B
05613071,57967.90264371563,0.5426378319061186,06,NA
05613072,94708.75493042437,0.8865691373007598,06,NA
05613261,24739.446993401692,0.8936548034664208,06,S49C
05613262,24739.446993401692,0.8936548034664208,06,S49C
05613401,31972.69729419507,0.9734310301094988,06,S49C
05613402,31972.69729419507,0.9734310301094988,06,S49C
05613441,87542.857328221,0.9663847144408937,06,S49A
05613442,87542.857328221,0.9663847144408937,06,S49A
05615201,26918.721509261155,0.9453746393773075,06,S49E
05615202,26918.721509261155,0.9453746393773075,06,S49E
05615861,63832.16842340661,2.1770238212912307,06,S49A
05615862,63832.16842340661,2.1770238212912307,06,S49A
05615971,32340.97812754146,0.8745081274379225,06,S49A
05615972,32340.97812754146,0.8745081274379225,06,S49A
05616221,19750.240201173878,0.9867710305638416,06,S49E
05616222,19750.240201173878,0.9867710305638416,06,S49E
05616271,41382.99933078473,1.4959323917200533,06,S49A
05616272,41382.99933078473,1.4959323917200533,06,S49A
05616401,8591.746611711014,0.37325357046949015,06,S49C
05616402,8591.746611711014,0.37325357046949015,06,S49C
05616611,10357.472840999651,0.69562155929906,06,S49E
05616612,10357.472840999651,0.69562155929906,06,S49E
05616701,27733.89058193355,0.8040467686728705,06,S49A
05616702,27733.89058193355,0.8040467686728705,06,S49A
05616851,23998.246952283804,1.1990119935565728,06,S49E
05616852,23998.246952283804,1.1990119935565728,06,S49E
05616901,17358.486578260086,0.8113311730596404,06,S49E
05616902,17358.486578260086,0.8113311730596404,06,S49E
05617761,35783.9325173866,0.6867429262724547,06,NA
05617762,35783.9325173866,0.6867429262724547,06,NA
05618121,30056.161403433933,1.2102241821802666,06,NA
05618122,30056.161403433933,1.2102241821802666,06,NA
05618271,48949.060986832264,1.6357959614052062,06,S49B
05618272,48949.060986832264,1.6357959614052062,06,S49B
05618281,56820.51058991949,1.3399632836172324,06,NA
05618282,56820.51058991949,1.3399632836172324,06,NA
05618351,26394.722758735137,0.37325357046949015,06,S49A
05618352,26394.722758735137,0.37325357046949015,06,S49A
05618411,50330.59104164329,1.2132766503111794,06,S49A
05618412,50330.59104164329,1.2132766503111794,06,S49A
05618571,58109.53332820416,1.2040370453311318,06,NA
05618572,58109.53332820416,1.2040370453311318,06,NA
05618581,48875.60938512932,0.8084878860969726,06,S49C
05618582,48875.60938512932,0.8084878860969726,06,S49C
05618681,16405.85071902997,0.8221382875061329,06,S49E
05618682,16405.85071902997,0.8221382875061329,06,S49E
05619291,29302.406237785326,0.6399004426370909,06,S49A
05619292,29302.406237785326,0.6399004426370909,06,S49A
05619351,63785.108625825604,1.356309682231755,06,S49A
05619352,63785.108625825604,1.356309682231755,06,S49A
05619381,26362.759128046007,0.8333558195494934,06,S49B
05619382,26362.759128046007,0.8333558195494934,06,S49B
05619581,7634.895402636419,0.3568530364258031,06,S49E
05619582,7634.895402636419,0.3568530364258031,06,S49E
05619661,15628.010994968736,0.69562155929906,06,S49B
05619662,15628.010994968736,0.69562155929906,06,S49B
05619951,41619.2836205543,1.302721098105756,06,S49A
05619952,41619.2836205543,1.302721098105756,06,S49A
05620401,34328.256600883054,0.9922478158616427,06,S49A
05620402,34328.256600883054,0.9922478158616427,06,S49A
05620491,19579.566315590113,0.9536737005571536,06,S49B
05620492,19579.566315590113,0.9536737005571536,06,S49B
05620691,100087.19144304791,1.4715744824899621,06,NA
05620692,100087.19144304791,1.4715744824899621,06,NA
05620701,18562.71684109781,0.3428116208778136,06,S49B
05620702,29382.99581311659,0.5426378319061186,06,S49B
05620711,29021.152586898974,0.8592634663675449,06,S49A
05620712,29021.152586898974,0.8592634663675449,06,S49A
05620721,30487.21180307016,1.484958942974798,06,S49B
05620722,30487.21180307016,1.484958942974798,06,S49B
05620911,34304.336699326435,0.658347445666699,06,NA
05620912,34304.336699326435,0.658347445666699,06,NA
05621071,50639.97562272988,1.0767950502051775,06,S49A
05621072,50639.97562272988,1.0767950502051775,06,S49A
05621261,29943.126348288682,1.2132766503111794,06,S49C
05621262,29943.126348288682,1.2132766503111794,06,S49C
05621381,21623.66201983528,0.658347445666699,06,S49C
05621382,21623.66201983528,0.658347445666699,06,S49C
05621911,10828.39152492755,0.5426378319061186,06,S49E
05621912,10828.39152492755,0.5426378319061186,06,S49E
05621961,50966.27201669311,0.9529228707396633,06,NA
05621962,50966.27201669311,0.9529228707396633,06,NA
05622091,57581.69213574302,1.0718949694059796,06,S49A
05622092,57581.69213574302,1.0718949694059796,06,S49A
05622881,33800.27874753123,0.6867429262724547,06,S49A
05622882,33800.27874753123,0.6867429262724547,06,S49A
05623021,25687.46480629635,1.0408399207436383,06,S49C
05623022,25687.46480629635,1.0408399207436383,06,S49C
05623041,14731.338496970771,0.5173586648358263,06,S49E
05623042,14731.338496970771,0.5173586648358263,06,S49E
05623751,25981.168493853173,0.8486052866920015,06,S49A
05623752,19863.225865363547,0.6487790756636964,06,S49A
05624271,21437.484932384497,1.0686324845002437,06,S49E
05624272,21437.484932384497,1.0686324845002437,06,S49E
05624531,60354.97506744499,1.3302466117855252,06,S49A
05624532,60354.97506744499,1.3302466117855252,06,S49A
05624711,17727.326707551045,0.8221382875061329,06,S49E
05624712,17727.326707551045,0.8221382875061329,06,S49E
05624781,14795.971244251714,0.6379206291415915,06,S49C
05624782,14795.971244251714,0.6379206291415915,06,S49C
05625411,17275.300635099018,0.658347445666699,06,S49B
05625412,17275.300635099018,0.658347445666699,06,S49B
05625621,28443.524730711106,1.2263278220595981,06,S49C
05625622,28443.524730711106,1.2263278220595981,06,S49C
05625961,39109.185998522415,0.69562155929906,06,NA
05625962,39109.185998522415,0.69562155929906,06,NA
05625981,28365.3929718033,0.6251840523592422,06,S49A
05625982,28365.3929718033,0.6251840523592422,06,S49A
05626221,37115.742893972165,1.2695485052010895,06,S49B
05626222,37115.742893972165,1.2695485052010895,06,S49B
05626321,89307.53118136118,2.016969452311324,06,NA
05626322,89307.53118136118,2.016969452311324,06,NA
05626501,32290.14114498597,0.658347445666699,06,S49A
05626502,32290.14114498597,0.658347445666699,06,S49A
05626531,46698.80423079643,0.658347445666699,06,NA
05626532,46698.80423079643,0.658347445666699,06,NA
05626941,65303.58372372236,1.2132766503111794,06,NA
05626942,65303.58372372236,1.2132766503111794,06,NA
05627211,16477.519195969995,1.0022787510613402,06,S49A
05627212,16477.519195969995,1.0022787510613402,06,S49A
05627411,49855.00878234354,0.9580856532610476,06,S49A
05627412,49855.00878234354,0.9580856532610476,06,S49A
05627571,12340.61031503711,0.4930419764340903,06,S49C
05627572,12340.61031503711,0.4930419764340903,06,S49C
05627631,63394.45563212285,1.2102241821802666,06,NA
05627632,63394.45563212285,1.2102241821802666,06,NA
05628341,68041.13818509375,1.2102241821802666,06,NA
05628342,68041.13818509375,1.2102241821802666,06,NA
05628731,15842.017213048739,0.5262372978624317,06,S49E
05628732,15842.017213048739,0.5262372978624317,06,S49E
05628961,37441.23875297651,0.69562155929906,06,NA
05628962,37441.23875297651,0.69562155929906,06,NA
05629031,6505.88605635911,0.3383741052753104,06,S49C
05629032,6505.88605635911,0.3383741052753104,06,S49C
05629071,23066.872001139593,0.9270407868202208,06,S49B
05629072,23066.872001139593,0.9270407868202208,06,S49B
05629591,29082.78864038985,0.7999391433467219,06,NA
05629592,29082.78864038985,0.7999391433467219,06,NA
05629891,48911.65700540311,0.8113311730596404,06,S49A
05629892,29889.36309206861,0.4957953482707549,06,S49A
05630011,9438.863582011245,0.6141543478664064,06,S49E
05630012,9438.863582011245,0.6141543478664064,06,S49E
05630141,25806.61805763765,0.71817444556006,06,S49E
05630142,25806.61805763765,0.71817444556006,06,S49E
05630291,13086.354334154239,0.6282520191619767,06,S49C
05630292,13086.354334154239,0.6282520191619767,06,S49C
05630351,29084.3802362644,0.7000829267267976,06,S49E
05630352,29084.3802362644,0.7000829267267976,06,S49E
05630381,36708.77058925368,0.7007843418204442,06,NA
05630382,36708.77058925368,0.7007843418204442,06,NA
05630821,50128.510735758755,0.9270407868202208,06,NA
05630822,50128.510735758755,0.9270407868202208,06,NA
05631141,26592.037933605166,0.9244868897317482,06,S49C
05631142,26592.037933605166,0.9244868897317482,06,S49C
05631251,23462.24278844311,0.6294997247148577,06,S49A
05631252,23462.24278844311,0.6294997247148577,06,S49A
05631431,13151.044633187794,0.7999391433467219,06,S49A
05631432,13151.044633187794,0.7999391433467219,06,S49A
05631851,23230.921354089085,0.5426378319061186,06,NA
05631852,23230.921354089085,0.5426378319061186,06,NA
05632011,17561.985168829913,0.4365272809975125,06,S49C
05632012,17561.985168829913,0.4365272809975125,06,S49C
05632251,36438.33161413706,0.69562155929906,06,NA
05632252,36438.33161413706,0.69562155929906,06,NA
05632281,48239.55604720861,0.9270407868202208,06,S49A
05632282,48239.55604720861,0.9270407868202208,06,S49A
05632461,32162.89993023474,0.8985321557419437,06,S49A
05632462,32162.89993023474,0.8985321557419437,06,S49A
05632471,15844.183690468913,0.658347445666699,06,S49A
05632472,15844.183690468913,0.658347445666699,06,S49A
05632911,26300.195829303942,1.0022787510613402,06,S49B
05632912,26300.195829303942,1.0022787510613402,06,S49B
05632921,24339.143987395706,1.2132766503111794,06,S49E
05632922,24339.143987395706,1.2132766503111794,06,S49E
05633361,79073.6077375215,1.1147589008139358,06,NA
05633362,79073.6077375215,1.1147589008139358,06,NA
05633651,33982.180763804085,0.9734310301094988,06,S49B
05633652,33982.180763804085,0.9734310301094988,06,S49B
05633891,90581.77732844037,1.45312227051286,06,NA
05633892,90581.77732844037,1.45312227051286,06,NA
05633921,43504.4945594125,1.2546224704990887,06,S49A
05633922,43504.4945594125,1.2546224704990887,06,S49A
05634011,46698.80423079643,0.658347445666699,06,NA
05634012,46698.80423079643,0.658347445666699,06,NA
05634671,26687.310469280786,1.0662328656023867,06,S49C
05634672,26687.310469280786,1.0662328656023867,06,S49C
05634851,15927.888599663223,1.1438704487413631,06,S49C
05634852,15927.888599663223,1.1438704487413631,06,S49C
05634861,65684.09101983902,0.9765673087679607,06,S49B
05634862,65684.09101983902,0.9765673087679607,06,S49B
05635381,12374.009988455296,0.3568530364258031,06,S49A
05635382,12374.009988455296,0.3568530364258031,06,S49A
05635771,25595.768571223212,0.6867429262724547,06,S49A
05635772,25595.768571223212,0.6867429262724547,06,S49A
05635841,41279.58490914834,0.9453746393773075,06,S49A
05635842,41279.58490914834,0.9453746393773075,06,S49A
05635851,14405.190429069651,0.69562155929906,06,S49E
05635852,14405.190429069651,0.69562155929906,06,S49E
05636021,34501.67666487768,0.9270407868202208,06,S49A
05636022,34501.67666487768,0.9270407868202208,06,S49A
05636781,22979.73587093298,0.9215476071996385,06,S49E
05636782,22979.73587093298,0.9215476071996385,06,S49E
05636821,109823.97544035703,2.184904777304875,06,NA
05636822,109823.97544035703,2.184904777304875,06,NA
05637261,21557.302505356445,0.6867429262724547,06,S49A
05637262,21557.302505356445,0.6867429262724547,06,S49A
05637331,5500.842871440001,0.25,06,S49A
05637332,5500.842871440001,0.25,06,S49A
05637391,49917.28700022437,0.8865691373007598,06,NA
05637392,49917.28700022437,0.8865691373007598,06,NA
05637741,32967.49863742216,1.0767950502051775,06,S49A
05637742,32967.49863742216,1.0767950502051775,06,S49A
05638621,43663.820203119336,1.3988944603324587,06,S49A
05638622,43663.820203119336,1.3988944603324587,06,S49A
05638931,38684.63912122223,1.678587106483384,06,S49C
05638932,38684.63912122223,1.678587106483384,06,S49C
05639221,56671.39861471587,0.658347445666699,06,NA
05639222,56671.39861471587,0.658347445666699,06,NA
05639311,13570.803259795965,0.5850427999389792,06,S49C
05639312,13570.803259795965,0.5850427999389792,06,S49C
05639411,31991.207718300877,1.028116850751751,06,S49C
05639412,31991.207718300877,1.028116850751751,06,S49C
05639531,17202.31069051084,0.658347445666699,06,S49B
05639532,17202.31069051084,0.658347445666699,06,S49B
05639731,29212.15599043375,1.4101174806296048,06,S49A
05639732,29212.15599043375,1.4101174806296048,06,S49A
05639761,39236.63335253087,0.7999391433467219,06,NA
05639762,39236.63335253087,0.7999391433467219,06,NA
05639851,28168.0931899495,1.409893765329862,06,S49E
05639852,28168.0931899495,1.409893765329862,06,S49E
05640451,25787.768495107142,0.9270407868202208,06,S49C
05640452,25787.768495107142,0.9270407868202208,06,S49C
05641001,45930.623383356964,1.1636569430139168,06,S49A
05641002,45930.623383356964,1.1636569430139168,06,S49A
05641251,14878.260424926679,0.2959691372424498,06,NA
05641252,14878.260424926679,0.2959691372424498,06,NA
05641511,32660.83769326109,0.7835386093030349,06,S49A
05641512,32660.83769326109,0.7835386093030349,06,S49A
05641591,12593.884503607787,0.658347445666699,06,S49E
05641592,12593.884503607787,0.658347445666699,06,S49E
05642121,28162.164698381966,0.723985111783931,06,S49A
05642122,28162.164698381966,0.723985111783931,06,S49A
05642301,12042.040840734786,0.6294997247148577,06,S49E
05642302,12042.040840734786,0.6294997247148577,06,S49E
05642571,32187.358922733092,0.9734310301094988,06,S49A
05642572,32187.358922733092,0.9734310301094988,06,S49A
05642911,37823.08921321774,1.1438704487413631,06,S49A
05642912,37823.08921321774,1.1438704487413631,06,S49A
05643451,21062.128622498538,1.281146980888614,06,S49A
05643452,21062.128622498538,1.281146980888614,06,S49A
05643601,41811.72011009036,0.9734310301094988,06,S49A
05643602,41811.72011009036,0.9734310301094988,06,S49A
05643801,29289.966690508863,0.5826572410794941,06,NA
05643802,29289.966690508863,0.5826572410794941,06,NA
05644331,40868.190173129544,1.0686324845002437,06,S49B
05644332,40868.190173129544,1.0686324845002437,06,S49B
05644431,54092.374137290986,1.036871636104555,06,NA
05644432,54092.374137290986,1.036871636104555,06,NA
05644511,64532.080706658024,1.0852382090624604,06,S49C
05644512,64532.080706658024,1.0852382090624604,06,S49C
05644721,68329.46546883002,1.1459515702045893,06,NA
05644722,68329.46546883002,1.1459515702045893,06,NA
05644871,17394.38092460629,0.45567794767572645,06,S49E
05644872,17394.38092460629,0.45567794767572645,06,S49E
05645091,138669.24675963778,1.391198822824606,06,NA
05645092,138669.24675963778,1.391198822824606,06,NA
05645121,37422.76000086528,1.4207263555998186,06,S49C
05645122,37422.76000086528,1.4207263555998186,06,S49C
05645401,17481.81984517002,0.8693453449165383,06,S49E
05645402,17481.81984517002,0.8693453449165383,06,S49E
05645541,49362.19826050788,1.2549870442741302,06,S49A
05645542,49362.19826050788,1.2549870442741302,06,S49A
05646001,119759.30802476191,1.9797272667998476,06,S49A
05646002,119759.30802476191,1.9797272667998476,06,S49A
05646171,47929.676378370656,1.0022787510613402,06,NA
05646172,47929.676378370656,1.0022787510613402,06,NA
05646351,28917.550332491872,1.0395528646937011,06,S49C
05646352,28917.550332491872,1.0395528646937011,06,S49C
05646481,37851.561164807055,0.9270407868202208,06,S49A
05646482,37851.561164807055,0.9270407868202208,06,S49A
05647171,31910.704562178278,1.1438704487413631,06,S49A
05647172,31910.704562178278,1.1438704487413631,06,S49A
05647191,32118.780378222076,0.8414107974312344,06,S49E
05647192,32118.780378222076,0.8414107974312344,06,S49E
05647521,32187.358922733092,0.9734310301094988,06,S49A
05647522,32187.358922733092,0.9734310301094988,06,S49A
05647951,76207.39723840675,1.2102241821802666,06,NA
05647952,76207.39723840675,1.2102241821802666,06,NA
05648121,21582.915115027008,1.0438923888745508,06,S49B
05648122,21582.915115027008,1.0438923888745508,06,S49B
05648371,21566.633302105856,0.7752958038707694,06,S49C
05648372,21566.633302105856,0.7752958038707694,06,S49C
05648511,49141.499902736476,1.166069592900774,06,NA
05648512,49141.499902736476,1.166069592900774,06,NA
05648691,36040.31265527732,1.4870611919068382,06,S49A
05648692,36040.31265527732,1.4870611919068382,06,S49A
05649281,21338.264157321933,0.6399004426370909,06,NA
05649282,21338.264157321933,0.6399004426370909,06,NA
05649311,100750.53139760406,1.0072908572137078,06,NA
05649312,100750.53139760406,1.0072908572137078,06,NA
05649441,32064.04653193349,0.8123458298527166,06,S49A
05649442,32064.04653193349,0.8123458298527166,06,S49A
05649601,24327.60923011103,0.7999391433467219,06,S49B
05649602,24327.60923011103,0.7999391433467219,06,S49B
05649791,86875.89828841001,1.400874273827958,06,S49B
05649792,86875.89828841001,1.400874273827958,06,S49B
05649811,31352.425073525348,0.69562155929906,06,S49B
05649812,31352.425073525348,0.69562155929906,06,S49B
05650031,21162.215685696006,1.287234980878533,06,S49A
05650032,21162.215685696006,1.287234980878533,06,S49A
05650151,40996.15621136631,0.71817444556006,06,NA
05650152,40996.15621136631,0.71817444556006,06,NA
05650591,58670.765978195384,1.5316844199600974,06,S49E
05650592,58670.765978195384,1.5316844199600974,06,S49E
05650691,46539.013429368766,1.214967635100755,06,S49E
05650692,46539.013429368766,1.214967635100755,06,S49E
05651311,27105.324449552532,0.5426378319061186,06,NA
05651312,27105.324449552532,0.5426378319061186,06,NA
05651641,36199.252486559686,1.1520999627935686,06,S49A
05651642,36199.252486559686,1.1520999627935686,06,S49A
05651671,31688.33096109223,1.6135968172457953,06,S49C
05651672,71296.97436463846,1.6135968172457953,06,S49C
05651681,25369.495623414405,0.7298639616269869,06,S49A
05651682,25369.495623414405,0.7298639616269869,06,S49A
05652171,30763.96576777076,0.5173586648358263,06,S49C
05652172,30763.96576777076,0.5173586648358263,06,S49C
05652241,42081.37051758784,0.8745081274379225,06,S49A
05652242,42081.37051758784,0.8745081274379225,06,S49A
05652541,38653.902450267895,0.6771426281485673,06,NA
05652542,38653.902450267895,0.6771426281485673,06,NA
05652651,58246.3897426919,1.166069592900774,06,NA
05652652,58246.3897426919,1.166069592900774,06,NA
05652761,13065.829631889732,0.49777575395590734,06,S49C
05652762,13065.829631889732,0.49777575395590734,06,S49C
05652851,28996.124217042838,0.69562155929906,06,S49A
05652852,28996.124217042838,0.69562155929906,06,S49A
05653151,46602.00174703194,0.9270407868202208,06,NA
05653152,46602.00174703194,0.9270407868202208,06,NA
05653201,50636.412198002,1.7206058974709275,06,S49B
05653202,50636.412198002,1.7206058974709275,06,S49B
05653541,29509.66718925956,0.3428116208778136,06,NA
05653542,29509.66718925956,0.3428116208778136,06,NA
05653611,9504.306969912686,0.2959691372424498,06,S49C
05653612,9504.306969912686,0.2959691372424498,06,S49C
05654131,13515.467222928042,0.5826572410794941,06,S49C
05654132,13515.467222928042,0.5826572410794941,06,S49C
05654271,38934.70154962225,1.0686324845002437,06,S49B
05654272,38934.70154962225,1.0686324845002437,06,S49B
