newid,state,strtyear,strtmnth,psu,txwgt
04363081,48,2020,1,S37A,46352.569094548286
04363082,48,2020,2,S37A,46352.569094548286
04363361,48,2020,1,S37B,41929.142127453604
04363362,48,2020,1,S37B,41929.142127453604
04363641,48,2020,1,S37B,37488.75396324377
04363642,48,2020,1,S37B,37488.75396324377
04363771,48,2020,1,S37B,20971.580025436313
04363772,48,2020,1,S37B,20971.580025436313
04364001,48,2020,1,S37A,39693.175899252026
04364002,48,2020,1,S37A,39693.175899252026
04364621,48,2020,1,S37B,17564.641655400013
04364622,48,2020,1,S37B,17564.641655400013
04364951,48,2020,1,NA,49710.688278027825
04364952,48,2020,1,NA,49710.688278027825
04365171,48,2020,1,S37A,63262.20433047064
04365172,48,2020,1,S37A,63262.20433047064
04365211,48,2020,1,S37A,33216.01624305884
04365212,48,2020,1,S37A,33216.01624305884
04365271,48,2020,1,NA,40035.09998417873
04365272,48,2020,1,NA,40035.09998417873
04365411,48,2020,1,S37A,34880.263939946635
04365412,48,2020,1,S37A,34880.263939946635
04366221,48,2020,1,S37A,17268.738855593234
04366222,48,2020,1,S37A,17268.738855593234
04366491,48,2020,1,S37A,16109.583216029065
04366492,48,2020,1,S37A,16109.583216029065
04367091,48,2020,1,NA,59277.59885340138
04367092,48,2020,2,NA,59277.59885340138
04367481,48,2020,1,S37A,51553.30489911128
04367482,48,2020,1,S37A,51553.30489911128
04367531,48,2020,1,S37A,49752.599605772986
04367532,48,2020,1,S37A,52869.30047378194
04368061,48,2020,1,S37B,30693.056284141017
04368062,48,2020,2,S37B,30693.056284141017
04368271,48,2020,1,S37A,46912.17809230594
04368272,48,2020,1,S37A,46912.17809230594
04369061,48,2020,1,S37A,42886.90587930796
04369062,48,2020,1,S37A,42886.90587930796
04369371,48,2020,1,S37A,52065.24658275611
04369372,48,2020,2,S37A,52065.24658275611
04369431,48,2020,1,S37A,88976.04862523355
04369432,48,2020,1,S37A,88976.04862523355
04369541,48,2020,1,NA,106973.20570661557
04369542,48,2020,1,NA,106973.20570661557
04369701,48,2020,1,NA,56598.06057540073
04369702,48,2020,1,NA,56598.06057540073
04370351,48,2020,1,S37B,57759.06456179967
04370352,48,2020,1,S37B,57759.06456179967
04370691,48,2020,1,NA,97007.9099026456
04370692,48,2020,1,NA,97007.9099026456
04371321,48,2020,1,NA,51467.37111041632
04371322,48,2020,1,NA,51467.37111041632
04371411,48,2020,1,S37B,35758.5398843849
04371412,48,2020,1,S37B,35758.5398843849
04372171,48,2020,1,S37B,21545.854389709522
04372172,48,2020,1,S37B,21545.854389709522
04372771,48,2020,1,S37A,29866.07842246653
04372772,48,2020,1,S37A,29866.07842246653
04373241,48,2020,2,S37A,17916.519544461098
04373242,48,2020,2,S37A,17916.519544461098
04373421,48,2020,1,S37B,24458.756741560035
04373422,48,2020,2,S37B,24458.756741560035
04373621,48,2020,1,NA,120781.56893831915
04373622,48,2020,1,NA,120781.56893831915
04374521,48,2020,1,NA,71859.430572293335
04374522,48,2020,1,NA,71859.430572293335
04374641,48,2020,1,S37B,17307.259272526182
04374642,48,2020,1,S37B,17307.259272526182
04374941,48,2020,1,S37A,46425.88449141934
04374942,48,2020,2,S37A,46425.88449141934
04375401,48,2020,1,S37B,42611.50582590846
04375402,48,2020,1,S37B,42611.50582590846
04376581,48,2020,1,S37A,51375.41090719619
04376582,48,2020,1,S37A,51375.41090719619
04376731,48,2020,1,S37B,59642.554882863515
04376732,48,2020,2,S37B,59642.554882863515
04377151,48,2020,1,S37B,44415.09659268164
04377152,48,2020,1,S37B,44415.09659268164
04377251,48,2020,1,NA,79704.20113506418
04377252,48,2020,1,NA,79704.20113506418
04432231,48,2020,2,S37A,58051.38695894014
04432232,48,2020,2,S37A,58051.38695894014
04433171,48,2020,2,NA,81442.45749496917
04433172,48,2020,2,NA,81442.45749496917
04434081,48,2020,2,NA,79241.04571415395
04434082,48,2020,2,NA,79241.04571415395
04434151,48,2020,3,NA,87994.88941459675
04434152,48,2020,3,NA,36965.459986595866
04434491,48,2020,2,NA,67494.92360050348
04434492,48,2020,2,NA,67494.92360050348
04434551,48,2020,2,S37A,22822.825759287964
04434552,48,2020,2,S37A,22822.825759287964
04434951,48,2020,2,S37B,30441.760985586498
04434952,48,2020,2,S37B,30441.760985586498
04435161,48,2020,2,NA,29891.596969708906
04435162,48,2020,2,NA,29891.596969708906
04435791,48,2020,2,S37B,36286.109083821
04435792,48,2020,2,S37B,36286.109083821
04435981,48,2020,3,NA,65037.463527942244
04435982,48,2020,3,NA,65037.463527942244
04436481,48,2020,2,NA,42417.86792088691
04436482,48,2020,2,NA,42417.86792088691
04436681,48,2020,2,NA,105199.25559984068
04436682,48,2020,3,NA,51254.45075320954
04436831,48,2020,2,NA,39775.81345819784
04436832,48,2020,2,NA,39775.81345819784
04437011,48,2020,2,S37B,42588.57901372087
04437012,48,2020,3,S37B,42588.57901372087
04437242,48,2020,2,S37A,51107.193934494906
04437321,48,2020,2,NA,69760.96720085209
04437322,48,2020,2,NA,69760.96720085209
04437641,48,2020,3,NA,65529.71397147368
04437642,48,2020,3,NA,65529.71397147368
04438051,48,2020,2,NA,29345.728288403006
04438052,48,2020,2,NA,29345.728288403006
04438171,48,2020,2,S37B,30859.167141113914
04438172,48,2020,2,S37B,30859.167141113914
04439081,48,2020,2,S37B,32340.990630137345
04439082,48,2020,2,S37B,32340.990630137345
04439351,48,2020,3,NA,38203.16421057388
04439352,48,2020,3,NA,38203.16421057388
04439661,48,2020,2,NA,105815.91249630295
04439662,48,2020,2,NA,105815.91249630295
04440281,48,2020,2,NA,46576.05706368131
04440282,48,2020,2,NA,46576.05706368131
04440391,48,2020,2,S37B,30350.57962873629
04440392,48,2020,2,S37B,30350.57962873629
04441691,48,2020,2,S37B,37096.261525078575
04441692,48,2020,2,S37B,18073.78292388032
04441811,48,2020,2,NA,31011.434062502067
04441812,48,2020,2,NA,31011.434062502067
04441961,48,2020,2,S37A,61575.82560631253
04441962,48,2020,2,S37A,61575.82560631253
04442191,48,2020,2,S37A,14794.036439415355
04442192,48,2020,2,S37A,14794.036439415355
04442931,48,2020,2,S37A,47433.234815288975
04442932,48,2020,2,S37A,47433.234815288975
04443022,48,2020,2,S37A,17090.985368630794
04443411,48,2020,2,S37A,35869.2786042424
04443412,48,2020,2,S37A,35869.2786042424
04443581,48,2020,2,S37A,34825.750522185386
04443582,48,2020,2,S37A,34825.750522185386
04443611,48,2020,2,S37B,41115.42862403484
04443612,48,2020,2,S37B,41115.42862403484
04443841,48,2020,2,S37A,44945.453887244075
04443842,48,2020,3,S37A,44945.453887244075
04444141,48,2020,2,NA,71978.35224215308
04444142,48,2020,2,NA,71978.35224215308
04444331,48,2020,2,S37A,48041.63039747671
04444332,48,2020,2,S37A,48041.63039747671
04444791,48,2020,2,S37A,41225.364977312
04444792,48,2020,3,S37A,41225.364977312
04445031,48,2020,2,S37B,11774.402041862364
04445032,48,2020,2,S37B,11774.402041862364
04446071,48,2020,3,S37B,58995.094788819355
04446072,48,2020,3,S37B,58995.094788819355
04446331,48,2020,3,S37A,42734.4790798361
04446332,48,2020,3,S37A,42734.4790798361
04446591,48,2020,3,NA,43378.70794421052
04446592,48,2020,3,NA,43378.70794421052
04446621,48,2020,3,NA,53426.83207809989
04446622,48,2020,3,NA,53426.83207809989
04447001,48,2020,3,S37A,59538.41241661652
04447002,48,2020,3,S37A,73590.79796166581
04447711,48,2020,3,NA,54134.8333410812
04447712,48,2020,3,NA,54134.8333410812
04447931,48,2020,3,S37A,38230.469447524425
04447932,48,2020,3,S37A,38230.469447524425
04448101,48,2020,3,S37A,18962.377683462004
04448102,48,2020,3,S37A,18962.377683462004
04448451,48,2020,3,NA,68434.72515855017
04448452,48,2020,3,NA,68434.72515855017
04448771,48,2020,3,S37B,54532.06262479955
04448772,48,2020,3,S37B,54532.06262479955
04449251,48,2020,3,S37B,60405.289320529286
04449252,48,2020,4,S37B,60405.289320529286
04449501,48,2020,3,NA,61276.871180298
04449502,48,2020,3,NA,61276.871180298
04450031,48,2020,3,S37B,59849.32549257048
04450032,48,2020,3,S37B,59849.32549257048
04450481,48,2020,3,S37B,44678.54826912401
04450482,48,2020,3,S37B,44678.54826912401
04451751,48,2020,3,S37B,32940.02432870541
04451752,48,2020,3,S37B,32940.02432870541
04452251,48,2020,3,S37B,32999.20214554829
04452252,48,2020,3,S37B,32999.20214554829
04452811,48,2020,3,S37A,29767.991589167366
04452812,48,2020,4,S37A,29767.991589167366
04453561,48,2020,3,NA,31740.15681403179
04453562,48,2020,3,NA,31740.15681403179
04455111,48,2020,3,NA,86665.43222513892
04455112,48,2020,3,NA,86665.43222513892
04455511,48,2020,3,S37A,45949.286243099894
04455512,48,2020,3,S37A,45949.286243099894
04455731,48,2020,3,S37A,22518.111486979116
04455732,48,2020,3,S37A,22518.111486979116
04455851,48,2020,3,NA,82398.3172982906
04455852,48,2020,3,NA,82398.3172982906
04456021,48,2020,3,NA,36529.83943276999
04456022,48,2020,3,NA,36529.83943276999
04456881,48,2020,3,S37B,65583.37245154331
04456882,48,2020,3,S37B,65583.37245154331
04456891,48,2020,3,NA,35213.71023981413
04456892,48,2020,3,NA,35213.71023981413
04458411,48,2020,3,NA,55037.13165127551
04458412,48,2020,3,NA,55037.13165127551
04458641,48,2020,3,S37A,43874.35163972176
04458642,48,2020,3,S37A,43874.35163972176
04459021,48,2020,3,S37A,50732.459853734115
04459022,48,2020,3,S37A,50732.459853734115
04459151,48,2020,3,NA,42445.552650619175
04459152,48,2020,3,NA,42445.552650619175
04459321,48,2020,3,S37A,18677.73687167906
04459322,48,2020,3,S37A,18677.73687167906
04460411,48,2020,3,NA,64735.65252513106
04460412,48,2020,3,NA,64735.65252513106
04460441,48,2020,3,NA,88714.7732286382
04460442,48,2020,3,NA,88714.7732286382
04460742,48,2020,3,S37A,55668.60978161134
04474331,48,2020,4,S37A,77675.20853706707
04474332,48,2020,4,S37A,77675.20853706707
04479941,48,2020,4,S37B,35296.85338357465
04479942,48,2020,4,S37B,35296.85338357465
04481321,48,2020,4,S37B,262893.48245674826
04481322,48,2020,5,S37B,262893.48245674826
04481521,48,2020,4,S37A,112661.83996185585
04481522,48,2020,5,S37A,112661.83996185585
04481891,48,2020,4,S37B,18686.411612285003
04481892,48,2020,4,S37B,18686.411612285003
04482262,48,2020,4,S37A,117191.47792803637
04482791,48,2020,4,NA,243323.6029556186
04482792,48,2020,4,NA,243323.6029556186
04483221,48,2020,4,S37B,43077.535486853994
04483222,48,2020,5,S37B,43077.535486853994
04484891,48,2020,4,NA,80443.10860144004
04484892,48,2020,4,NA,80443.10860144004
04484981,48,2020,4,S37A,76061.58155419314
04484982,48,2020,4,S37A,70902.21825250308
04485761,48,2020,5,S37A,70484.01609398038
04485762,48,2020,5,S37A,70484.01609398038
04486161,48,2020,4,NA,53346.820233237115
04486162,48,2020,4,NA,53346.820233237115
04486711,48,2020,5,S37B,39158.35989437678
04486712,48,2020,5,S37B,39158.35989437678
04486861,48,2020,4,NA,254493.456067798
04486862,48,2020,4,NA,254493.456067798
04488811,48,2020,5,NA,196203.3738786655
04488812,48,2020,5,NA,196203.3738786655
04490051,48,2020,5,NA,294654.1129803112
04490471,48,2020,5,NA,259199.68577442507
04490472,48,2020,5,NA,259199.68577442507
04490711,48,2020,5,NA,89308.26552689027
04490712,48,2020,5,NA,89308.26552689027
04490841,48,2020,5,S37A,118375.28906249655
04490842,48,2020,5,S37A,118375.28906249655
04490861,48,2020,5,S37B,48094.843137776246
04490862,48,2020,5,S37B,48094.843137776246
04491461,48,2020,5,S37B,179387.44039930796
04491462,48,2020,5,S37B,179387.44039930796
04492471,48,2020,5,S37B,35138.58083533911
04492472,48,2020,5,S37B,35138.58083533911
04492591,48,2020,5,NA,41714.09769977642
04492592,48,2020,5,NA,41714.09769977642
04494301,48,2020,5,NA,178568.2168175572
04494302,48,2020,5,NA,178568.2168175572
04494651,48,2020,5,NA,294589.36912888236
04494652,48,2020,5,NA,294589.36912888236
04495531,48,2020,5,NA,191447.14869253535
04495532,48,2020,5,NA,191447.14869253535
04496731,48,2020,5,S37A,47603.01012851361
04496732,48,2020,5,S37A,47603.01012851361
04497931,48,2020,5,NA,87414.08914075067
04497932,48,2020,5,NA,87414.08914075067
04500391,48,2020,5,S37A,126804.97612058594
04500392,48,2020,6,S37A,126804.97612058594
04502671,48,2020,5,NA,313154.9456021884
04502672,48,2020,5,NA,313154.9456021884
04517001,48,2020,6,S37B,56366.828553375475
04517002,48,2020,6,S37B,56366.828553375475
04517811,48,2020,6,S37A,75397.23797812022
04517812,48,2020,6,S37A,75397.23797812022
04518621,48,2020,6,S37A,40343.11092237049
04518622,48,2020,6,S37A,40343.11092237049
04520271,48,2020,6,S37B,50784.34793760621
04520272,48,2020,6,S37B,50784.34793760621
04520751,48,2020,6,S37B,28494.13114516864
04520752,48,2020,6,S37B,28494.13114516864
04521882,48,2020,6,NA,79109.9459781006
04522001,48,2020,7,S37B,57060.91353036457
04522002,48,2020,7,S37B,57060.91353036457
04522091,48,2020,6,S37B,103671.70051723032
04522092,48,2020,6,S37B,103671.70051723032
04522431,48,2020,6,S37B,68116.01736503816
04522432,48,2020,6,S37B,68116.01736503816
04522451,48,2020,6,S37A,132955.30033501872
04522452,48,2020,7,S37A,132955.30033501872
04522681,48,2020,6,NA,106785.79603695202
04522682,48,2020,6,NA,106785.79603695202
04523021,48,2020,6,NA,83786.90071439606
04523022,48,2020,6,NA,83786.90071439606
04523101,48,2020,6,S37B,142388.0109983247
04523102,48,2020,7,S37B,142388.0109983247
04523221,48,2020,6,S37B,68857.48973022112
04523222,48,2020,7,S37B,68857.48973022112
04524511,48,2020,6,S37B,104002.15988841113
04524512,48,2020,6,S37B,104002.15988841113
04525931,48,2020,6,NA,167053.6520542819
04525932,48,2020,7,NA,167053.6520542819
04526871,48,2020,7,NA,105915.49228268073
04526872,48,2020,7,NA,105915.49228268073
04529511,48,2020,7,S37A,156776.26739051825
04529512,48,2020,7,S37A,156776.26739051825
04530171,48,2020,7,NA,235197.81059772227
04530172,48,2020,7,NA,235197.81059772227
04530201,48,2020,7,S37B,44793.581093620014
04530202,48,2020,7,S37B,44793.581093620014
04530791,48,2020,7,NA,159592.44882669972
04530792,48,2020,7,NA,159592.44882669972
04531531,48,2020,7,S37A,97788.3575948956
04531532,48,2020,8,S37A,97788.3575948956
04533381,48,2020,7,S37A,53664.81983536306
04533382,48,2020,7,S37A,53664.81983536306
04537151,48,2020,7,S37A,72324.88640885164
04537152,48,2020,8,S37A,72324.88640885164
04537351,48,2020,7,NA,67008.01215561377
04537352,48,2020,7,NA,67008.01215561377
04540141,48,2020,7,S37B,42201.776455534855
04540142,48,2020,7,S37B,42201.776455534855
04540981,48,2020,7,NA,98007.107616963
04540982,48,2020,7,NA,98007.107616963
04541681,48,2020,7,S37B,174481.43528743912
04541682,48,2020,7,S37B,174481.43528743912
04580371,48,2020,8,S37B,109641.89605196442
04580372,48,2020,8,S37B,109641.89605196442
04580821,48,2020,8,NA,76252.27433211353
04580822,48,2020,8,NA,76252.27433211353
04581181,48,2020,8,S37B,108882.19106131294
04581182,48,2020,8,S37B,108882.19106131294
04581191,48,2020,8,S37A,71184.04543058242
04581192,48,2020,8,S37A,71184.04543058242
04582701,48,2020,8,S37B,166748.3749285858
04582702,48,2020,8,S37B,166748.3749285858
04584241,48,2020,8,NA,199072.27649018387
04584242,48,2020,8,NA,199072.27649018387
04584891,48,2020,8,NA,194994.43528359573
04584892,48,2020,8,NA,194994.43528359573
04585021,48,2020,8,S37A,68604.41041277688
04585022,48,2020,8,S37A,68604.41041277688
04585181,48,2020,8,NA,284523.4258936378
04586091,48,2020,8,S37B,17470.351106940972
04586092,48,2020,8,S37B,17470.351106940972
04587451,48,2020,8,S37B,48974.00434141373
04587591,48,2020,8,S37A,53922.37970602707
04587592,48,2020,8,S37A,53922.37970602707
04590151,48,2020,8,S37A,107345.79312154603
04590152,48,2020,9,S37A,107345.79312154603
04590321,48,2020,8,NA,182316.0844062321
04591661,48,2020,8,NA,76715.78797861314
04591662,48,2020,8,NA,76715.78797861314
04592251,48,2020,8,S37A,43195.25338606096
04592252,48,2020,8,S37A,43195.25338606096
04592651,48,2020,8,S37A,199204.38757773075
04592652,48,2020,8,S37A,199204.38757773075
04593041,48,2020,8,S37A,108602.1150025898
04593042,48,2020,8,S37A,108602.1150025898
04593391,48,2020,8,S37B,49664.51582623335
04593392,48,2020,9,S37B,49664.51582623335
04593771,48,2020,8,NA,121473.30994665733
04593772,48,2020,9,NA,121473.30994665733
04594171,48,2020,8,S37A,74797.25578293549
04594172,48,2020,8,S37A,74797.25578293549
04594241,48,2020,8,S37B,32995.486923665194
04594242,48,2020,9,S37B,32995.486923665194
04594582,48,2020,8,S37A,179986.98276262995
04595091,48,2020,9,S37B,99225.31782112976
04595092,48,2020,9,S37B,99225.31782112976
04595481,48,2020,9,S37A,43257.28944870193
04595482,48,2020,9,S37A,43257.28944870193
04595871,48,2020,9,S37B,59201.50882863199
04595901,48,2020,9,S37A,7905.979045480001
04595902,48,2020,10,S37A,7905.979045480001
04596011,48,2020,9,S37A,63324.72409717365
04596012,48,2020,9,S37A,63324.72409717365
04596941,48,2020,9,NA,80029.58427167713
04596942,48,2020,9,NA,80029.58427167713
04597141,48,2020,9,S37B,16310.41490363261
04597142,48,2020,9,S37B,16310.41490363261
04598061,48,2020,9,S37B,31626.661940331935
04598062,48,2020,9,S37B,31626.661940331935
04598491,48,2020,9,S37B,15551.364892598802
04598492,48,2020,9,S37B,15551.364892598802
04599371,48,2020,9,S37B,77434.03692862952
04599372,48,2020,9,S37B,77434.03692862952
04599571,48,2020,9,S37B,20283.454803816894
04599572,48,2020,9,S37B,20283.454803816894
04600281,48,2020,9,S37A,72775.78427806919
04600282,48,2020,9,S37A,72775.78427806919
04602111,48,2020,9,NA,142607.81755674593
04602112,48,2020,9,NA,142607.81755674593
04602171,48,2020,9,NA,76023.6650893588
04602172,48,2020,9,NA,76023.6650893588
04602461,48,2020,9,S37A,19357.327213614106
04602462,48,2020,9,S37A,19357.327213614106
04602591,48,2020,9,NA,142823.1594669265
04602592,48,2020,9,NA,142823.1594669265
04604291,48,2020,9,NA,62972.37855674179
04604292,48,2020,9,NA,62972.37855674179
04604501,48,2020,9,S37A,46253.40781873893
04604502,48,2020,9,S37A,46253.40781873893
04604541,48,2020,9,S37B,19813.2964018488
04604542,48,2020,9,S37B,19813.2964018488
04604771,48,2020,9,S37A,15280.34939904314
04604772,48,2020,9,S37A,15280.34939904314
04604881,48,2020,9,S37B,60709.63927081681
04604882,48,2020,9,S37B,60709.63927081681
04605601,48,2020,9,S37A,156529.133662477
04605602,48,2020,9,S37A,156529.133662477
04605871,48,2020,9,NA,130295.82628735463
04605872,48,2020,10,NA,130295.82628735463
04606791,48,2020,9,S37A,68294.77394581515
04606792,48,2020,9,S37A,68294.77394581515
04607081,48,2020,9,S37A,39001.49978315481
04607082,48,2020,9,S37A,39001.49978315481
04607101,48,2020,9,S37B,82960.02042223254
04607102,48,2020,9,S37B,82960.02042223254
04607721,48,2020,9,NA,75294.64602253713
04607722,48,2020,9,NA,75294.64602253713
04608441,48,2020,9,S37B,90548.08116572638
04608442,48,2020,10,S37B,90548.08116572638
04609121,48,2020,9,S37A,46207.59494710977
04609122,48,2020,10,S37A,46207.59494710977
04609481,48,2020,9,S37B,16608.55566981298
04609482,48,2020,9,S37B,16608.55566981298
04609631,48,2020,9,S37A,57595.15072576437
04609632,48,2020,9,S37A,57595.15072576437
04623091,48,2020,11,NA,59701.93909681085
04623092,48,2020,11,NA,59701.93909681085
04623551,48,2020,11,NA,77227.79493190708
04623552,48,2020,11,NA,77227.79493190708
04625821,48,2020,11,S37A,36207.65922323618
04625822,48,2020,11,S37A,36207.65922323618
04625961,48,2020,11,NA,33158.22318608562
04625962,48,2020,11,NA,33158.22318608562
04627092,48,2020,11,S37B,25225.225507761766
04627111,48,2020,11,S37B,29233.352392569275
04627112,48,2020,11,S37B,29233.352392569275
04627311,48,2020,11,S37B,48221.70594891559
04627312,48,2020,11,S37B,48221.70594891559
04627371,48,2020,11,S37A,33525.88201457439
04627372,48,2020,11,S37A,33525.88201457439
04628301,48,2020,11,NA,187521.50368239835
04628302,48,2020,11,NA,187521.50368239835
04629341,48,2020,11,NA,43727.99918875351
04629342,48,2020,11,NA,43727.99918875351
04630541,48,2020,11,S37A,55892.409746103025
04630542,48,2020,11,S37A,55892.409746103025
04630791,48,2020,11,NA,49861.36987065176
04630792,48,2020,11,NA,49861.36987065176
04630821,48,2020,11,NA,131130.54727081006
04630822,48,2020,11,NA,131130.54727081006
04632641,48,2020,11,S37A,86995.78412395206
04632642,48,2020,11,S37A,86995.78412395206
04633521,48,2020,11,S37A,70197.58857304638
04633522,48,2020,11,S37A,70197.58857304638
04633541,48,2020,11,S37B,52079.13040288883
04633542,48,2020,11,S37B,52079.13040288883
04636071,48,2020,11,S37A,115668.35217198645
04636072,48,2020,11,S37A,115668.35217198645
04636081,48,2020,11,S37A,69361.39749422995
04636082,48,2020,11,S37A,69361.39749422995
04636451,48,2020,11,S37B,43927.025265153054
04636452,48,2020,11,S37B,43927.025265153054
04637672,48,2020,10,NA,73479.4168845211
04637831,48,2020,10,NA,100838.09363223378
04637832,48,2020,10,NA,100838.09363223378
04638001,48,2020,10,S37B,31964.254151328565
04638002,48,2020,10,S37B,74700.51630236096
04638051,48,2020,10,S37A,84723.780029668
04638052,48,2020,10,S37A,84723.780029668
04638691,48,2020,10,S37A,40793.4611306618
04638692,48,2020,10,S37A,40793.4611306618
04638971,48,2020,10,S37A,29432.172548682738
04638972,48,2020,10,S37A,29432.172548682738
04639701,48,2020,10,S37B,77989.25766514805
04639702,48,2020,10,S37B,77989.25766514805
04640131,48,2020,10,S37A,32588.393405146395
04640132,48,2020,10,S37A,32588.393405146395
04640251,48,2020,10,S37B,65407.56324949944
04640252,48,2020,10,S37B,65407.56324949944
04641111,48,2020,10,NA,91145.23305846093
04641112,48,2020,11,NA,91145.23305846093
04641851,48,2020,10,S37A,49331.05873162516
04641852,48,2020,10,S37A,49331.05873162516
04642101,48,2020,10,S37B,7190.579020579999
04642102,48,2020,10,S37B,7190.579020579999
04642221,48,2020,10,NA,70061.00030022088
04642222,48,2020,10,NA,70061.00030022088
04642471,48,2020,10,S37B,56508.105743121574
04642472,48,2020,10,S37B,56508.105743121574
04643321,48,2020,10,S37B,49554.29917313363
04643322,48,2020,10,S37B,49554.29917313363
04643981,48,2020,10,S37B,125837.0410360521
04643982,48,2020,10,S37B,125837.0410360521
04644711,48,2020,10,NA,126667.59247256121
04644712,48,2020,10,NA,126667.59247256121
04645021,48,2020,10,S37B,9246.482315153453
04645022,48,2020,10,S37B,9246.482315153453
04645041,48,2020,10,S37A,38861.876096046246
04645042,48,2020,10,S37A,38861.876096046246
04645381,48,2020,10,NA,37510.89780741655
04645382,48,2020,10,NA,37510.89780741655
04645551,48,2020,10,S37B,59360.20916440634
04645552,48,2020,10,S37B,59360.20916440634
04645771,48,2020,10,S37B,54660.904573817264
04645772,48,2020,10,S37B,54660.904573817264
04646231,48,2020,10,NA,105222.81323169287
04646232,48,2020,10,NA,105222.81323169287
04646631,48,2020,10,S37A,53616.93588891015
04646632,48,2020,11,S37A,53616.93588891015
04647851,48,2020,10,S37B,19593.331607704014
04647852,48,2020,10,S37B,19593.331607704014
04647941,48,2020,10,S37A,17606.060280069407
04647942,48,2020,10,S37A,17606.060280069407
04647981,48,2020,10,NA,72090.14888273721
04647982,48,2020,10,NA,72090.14888273721
04648251,48,2020,10,NA,70362.60267155289
04648252,48,2020,10,NA,70362.60267155289
04648511,48,2020,10,S37B,82781.39203059925
04648512,48,2020,10,S37B,82781.39203059925
04649001,48,2020,10,NA,38836.77147885953
04649002,48,2020,10,NA,38836.77147885953
04649571,48,2020,10,NA,50021.150675250734
04649572,48,2020,10,NA,50021.150675250734
04650781,48,2020,10,NA,126557.48821710936
04650782,48,2020,10,NA,126557.48821710936
04651701,48,2020,10,NA,166018.48700360642
04651702,48,2020,11,NA,166018.48700360642
04651711,48,2020,10,S37A,105982.04891343921
04651712,48,2020,10,S37A,105982.04891343921
04663521,48,2020,12,S37B,49976.94920789752
04663522,48,2020,12,S37B,49976.94920789752
04663681,48,2020,12,NA,131023.3544339107
04663682,48,2020,12,NA,131023.3544339107
04663771,48,2020,12,S37A,49690.748919520855
04663772,48,2020,12,S37A,49690.748919520855
04664201,48,2020,12,S37B,103921.06657347066
04664202,48,2020,12,S37B,103921.06657347066
04664441,48,2020,12,S37A,17950.608699117718
04664442,48,2020,12,S37A,17950.608699117718
04664471,48,2020,12,S37A,65216.17674578519
04664472,48,2020,12,S37A,65216.17674578519
04665151,48,2020,12,S37B,40419.42311212031
04665152,48,2020,12,S37B,40419.42311212031
04666781,48,2020,12,S37A,109329.0115061319
04666782,48,2020,12,S37A,109329.0115061319
04667791,48,2020,12,S37B,59166.7960853542
04667792,48,2020,12,S37B,59166.7960853542
04667891,48,2020,12,S37B,114216.18681635743
04667892,48,2020,12,S37B,114216.18681635743
04668391,48,2020,12,NA,74094.07154482459
04668392,48,2020,12,NA,74094.07154482459
04668541,48,2020,12,NA,58619.31227262603
04668542,48,2020,12,NA,58619.31227262603
04669921,48,2020,12,S37B,59580.22301424542
04669922,48,2020,12,S37B,59580.22301424542
04670761,48,2020,12,S37B,112576.23563608702
04670762,48,2020,12,S37B,112576.23563608702
04670931,48,2020,12,S37A,37506.286575372076
04670932,48,2020,12,S37A,37506.286575372076
04671161,48,2020,12,NA,103639.11652399658
04671162,48,2020,12,NA,103639.11652399658
04671641,48,2020,12,S37A,86967.2481071889
04671642,48,2020,12,S37A,86967.2481071889
04671721,48,2020,12,NA,51089.67011206986
04671722,48,2020,12,NA,51089.67011206986
04671851,48,2020,12,S37A,24978.00736024442
04671852,48,2020,12,S37A,24978.00736024442
04672781,48,2020,12,NA,44421.01603173881
04672782,48,2020,12,NA,44421.01603173881
04675241,48,2020,12,NA,24710.134917318897
04675242,48,2020,12,NA,24710.134917318897
04676061,48,2020,12,S37B,61338.25390681709
04676062,48,2020,12,S37B,61338.25390681709
04676121,48,2020,12,S37A,107866.8334154974
04676122,48,2020,12,S37A,107866.8334154974
04677171,48,2020,12,S37A,113931.0503556228
04677771,48,2020,12,S37A,31992.383693892323
04677772,48,2020,12,S37A,31992.383693892323
04678061,48,2020,12,NA,139327.32043632236
04678062,48,2020,12,NA,139327.32043632236
04678371,48,2020,12,S37A,63163.24700341633
04678372,48,2021,1,S37A,63163.24700341633
04678731,48,2020,12,S37B,35173.39211196952
04678732,48,2020,12,S37B,35173.39211196952
