newid,WTREP45,CALADJ45
4378634,30523.832796,1.0183340788
4379624,68176.499756,1.6173192004
4380304,43562.745968,1.1648017501
4381474,43757.439349,1.0251207383
4381904,54816.293871,1.7881396461
4382614,55613.122777,2.7074095982
4382814,38341.797723,1.2773068988
4383774,26118.579143,0.586450032
4383804,44687.177286,1.0251207383
4384254,33885.927388,0.793857397
4384564,25171.691367,2.0877678409
4385824,36319.983024,1.2031390068
4388834,25461.782402,0.8831298086
4391104,44981.041833,2.0490031973
4391394,45946.161807,0.9452488855
4391524,66645.15116,2.3456916327
4392134,32312.873709,1.0183340788
4392374,65647.529801,1.7547278599
4393294,39412.902013,1.1872948391
4394414,27887.379159,0.908951932
4394624,37753.763583,1.2133341371
4394694,62043.226734,1.6583865196
4397054,59655.046504,2.2341050966
4397184,37715.454853,1.2031390068
4397424,49482.720403,1.0183340788
4397724,73295.618604,2.507515029
4397994,49648.566034,1.4956393264
4398004,34024.144624,1.34933541
4398634,42832.974028,1.0251207383
4399264,45613.803074,1.4550996651
4401854,55639.250055,1.7881396461
4402334,37073.120589,1.4702522259
4403344,48976.565553,1.5623732144
4403444,66311.316365,1.3916493769
4403844,45954.364099,1.448243058
4404504,35162.436468,1.1300538135
4404814,66706.966809,1.340757187
4405044,30121.636528,1.0251207383
4405124,43551.241193,1.2031390068
4405954,64171.998139,1.3797509456
4406494,24697.480506,1.317621058
4406554,18885.768792,0.586450032
4406584,28542.738197,1.317621058
4410444,27407.338893,0.7326204186
4410764,36550.5161,0.9211307888
4411374,31819.638608,1.0755751044
4411424,41494.864322,1.3360882824
4413044,53516.802487,1.8018528603
4413554,21973.230477,0.7077169078
4413694,41668.153994,1.0501033542
4415004,36841.941328,1.2705660052
4415334,31071.991261,1.9979271899
4415564,28267.863756,1.0569686202
4416464,29022.869097,1.5342738678
4417044,75497.617318,1.7407967794
4417654,18515.868758,0.860815684
4417754,50256.346193,1.6173192004
4418114,17583.227557,1.0755751044
4418134,35087.130406,1.3812968483
4420373,48690.649167,2.3224131297
4421093,23855.066646,1.9785655346
4422503,47592.464262,1.497216786
4424193,75943.017351,1.5623732144
4424473,51583.409586,2.4603900286
4424923,50194.888001,1.5701942
4425133,28333.156606,0.9452488855
4425153,34825.178187,0.7830747847
4426343,67775.245973,2.3854672788
4426373,34312.046533,1.0569686202
4427183,46512.075382,1.4327855405
4427633,56622.341676,1.3432253151
4430023,15854.366376,1.2417735481
4430333,32323.274988,1.0183340788
4431473,28333.156606,0.9452488855
4431523,54816.293871,1.7881396461
4462403,34367.57292,1.0353067111
4464193,91478.601206,1.838647414
4465283,62318.179314,1.6657358739
4465403,53846.43372,1.1300538135
4465703,30514.010558,1.0183340788
4465813,55525.770329,2.2781937294
4466033,55193.831432,1.5599627926
4466543,43302.170408,1.3916493769
4466873,21705.883586,0.860815684
4466913,23593.509583,1.0569686202
4468573,36352.7256,0.8700290781
4469273,35646.04438,0.7830747847
4470233,32312.873709,1.0183340788
4470903,49482.720403,1.0183340788
4470933,40316.473462,1.2705660052
4471123,59969.001112,1.3174031917
4471203,27066.047712,0.9211307888
4503613,14156.8022,0.7099895915
4503743,19240.048883,0.7326204186
4503993,64865.242656,1.4956393264
4504203,31588.861283,1.0489499777
4505903,64865.242656,1.4956393264
4506093,36841.941328,1.2705660052
4507473,27891.913514,0.984852345
4507483,25341.394042,0.8947945194
4507823,17339.29482,1.0113502129
4508243,60360.903042,1.5211901818
4508663,24942.921615,1.1812935936
4509543,28267.863756,1.0569686202
4509643,44258.735223,1.0489499777
4509823,52810.927005,1.2666775575
4510823,64252.220533,2.2593589805
4512023,60063.21951,2.1120573464
4512233,24403.417308,1.1557427383
4513273,14761.024932,0.586450032
4514083,38940.410918,1.2930679203
4544712,29554.845848,0.9845810769
4545482,44606.790653,1.4550996651
4545552,28870.406058,1.0254711114
4545812,54241.579064,1.9091264097
4546002,49565.987201,2.3641644018
4546222,92564.086207,1.8620014093
4546922,55170.551411,1.2924996809
4547992,102594.59825,2.2267557423
4548224,32636.456478,1.500387336
4548632,52257.450553,1.6097694829
4548832,61759.005649,1.2705660052
4549262,28333.156606,0.9452488855
4549372,43167.671343,1.0240464669
4550322,31620.62976,0.7099895915
4550372,59418.989624,1.3360882824
4550762,27360.003846,1.3319650708
4551172,62320.41953,1.4600021261
4552032,32862.00886,1.0353067111
4552622,36043.761981,1.4299083404
4553412,55042.600474,1.9091264097
4553572,49582.814715,1.2129837639
4553612,54722.428658,1.2031390068
4554312,64981.776276,1.3349349059
4556022,34952.632007,1.4340884709
4556382,59978.918518,1.317621058
4556393,68271.431611,1.4327855405
4556882,40316.473462,1.2705660052
4558002,42016.864581,2.576666704
4558042,33622.921135,0.8222689066
4558762,36107.402221,0.8473982509
4559212,42267.657278,1.7881396461
4560553,59932.894705,2.0396784621
4560802,48669.314008,1.1648017501
4561292,76799.668823,2.4811246662
4562212,69747.764682,1.7057238416
4562292,64922.979884,1.3360882824
4562632,41601.764109,1.3271139204
4562762,20402.291445,1.3568685816
4563052,33366.597335,0.7830747847
4563802,75918.579712,1.5623732144
4565952,50813.461599,1.6330479859
4566872,37555.765772,0.860815684
4566992,72801.951438,2.3224131297
4567592,35352.436547,1.2031390068
4568522,38700.013281,2.112975959
4568792,29024.70005,0.9452488855
4569312,43939.084643,2.3228092687
4569902,31268.845318,1.0183340788
4569922,93987.841559,2.1605897334
4570252,40181.869193,0.9452488855
4570352,32082.596822,0.8947945194
4570502,36175.788413,1.2773526647
4571322,55378.296069,1.6838527252
4572662,38462.200806,1.983084781
4572863,35332.415938,1.8678236903
4573672,39564.734198,1.1331573457
4574082,26267.891683,0.7326204186
4574622,26482.202731,1.5917317367
4574732,142337.72236,2.8061788453
4575932,67423.93503,2.0490031973
4576542,42641.446508,1.5944137579
4577492,68099.042606,1.448243058
4577772,41216.147757,1.3271139204
4577932,37356.063642,1.6025509574
4578842,26110.898126,1.0569686202
4579162,41786.184361,1.2705660052
4610291,54085.250911,1.1557427383
4610951,59088.801121,1.3681288259
4611541,45203.980092,2.2335368572
4611931,31424.89703,1.0183340788
4612871,77835.245116,1.7547278599
4613681,70180.289193,2.209718983
4614141,42801.323191,1.2674624729
4614151,52430.366577,1.1018972591
4614471,43282.313474,1.3108343985
4615531,31433.290929,0.9452488855
4617291,42511.760087,1.2031390068
4617501,41952.695313,1.2705660052
4617634,52596.145128,1.1563900828
4617731,46625.860598,2.1378794698
4618101,42738.719582,1.2924996809
4618201,58030.203188,1.1300538135
4618301,58028.926969,1.308211655
4619031,48682.411004,1.4500578409
4619791,70017.348552,2.3854672788
4620081,33166.960418,0.7077169078
4621021,40601.680582,0.9400821904
4654091,68611.878132,1.4956393264
4654121,48798.158373,1.756799849
4656631,54960.207443,1.9091264097
4656851,37165.948985,1.0996756119
4657071,85978.222477,2.6701775724
4657381,26424.382054,1.2934182935
4657431,30290.292865,0.9452488855
4657661,59399.892894,1.4062794642
4658221,40473.025775,1.1975262465
4659171,60560.578953,1.7881396461
4659911,35736.660777,1.082657545
4661661,62757.608625,2.2593589805
4662251,22188.667657,0.860815684
4662711,63114.071677,1.317621058
4663311,79890.82477,2.4811246662
4663391,29019.52675,1.4204452043
4679141,34013.411145,1.0183340788
4679261,21232.876929,1.2705660052
4680311,24145.356673,0.9460342996
4680711,32504.121267,1.2129837639
4680941,31779.42089,1.3306503192
4681531,40566.920881,1.4545946766
4681791,72093.819434,3.3469343811
4682311,45487.71691,1.4327855405
4684211,38850.35546,0.9494915933
4684321,19985.034858,0.7593644157
4684621,17022.285794,0.9452488855
4684781,21047.579617,1.1526228933
4685361,53581.296115,1.8431325011
4685551,64348.182606,1.3271139204
4685711,44873.194501,1.0755751044
4685741,40584.140713,1.2705660052
4686221,59404.784393,2.016399959
4686931,45622.248625,1.1149947285
4687081,49166.755144,1.6912775717
4688001,42174.646129,1.1625293978
4688301,46259.462171,1.448243058
4688761,47352.151696,1.0569686202
4689681,46104.446577,1.4956393264
4689921,55792.220456,1.2705660052
4690111,42677.038925,1.3360882824
4420374,64137.982192,1.9843291858
4421094,40750.990466,1.9713806292
4421974,51134.637942,1.4472697301
4422504,29479.926355,1.1983488709
4424024,58353.562562,1.5877032551
4424194,75083.42682,1.5826949558
4425134,26259.703393,1.1630934307
4425154,41377.52268,0.9533021538
4426344,31644.675883,1.877293695
4426374,35350.318834,1.0774681098
4427634,32610.582079,1.3039135582
4429474,64462.698954,1.3588190203
4430024,25909.899322,0.9518577264
4430334,26851.78541,1.1231083681
4431524,48018.881703,1.5498848126
4461574,79768.433714,1.7753241942
4463494,54611.129072,1.6368514956
4464064,48739.125386,1.4972917189
4464194,46227.282444,1.535299726
4465404,46615.935249,1.0374830473
4465704,19052.236116,1.1231083681
4465814,61765.917563,1.9960776611
4465994,39723.711983,1.3588190203
4466034,51298.16151,1.5375523967
4466164,43665.988493,2.4843635888
4466544,59522.970543,2.0286596377
4466874,16491.218363,1.0272623637
4468574,34741.607687,0.8817614915
4469274,37206.346432,0.9533021538
4470234,26093.236094,1.1231083681
4470904,53243.199554,1.1231083681
4470934,46352.260724,1.4972917189
4471104,20399.633837,1.2707233397
4471124,50153.613159,1.2300682859
4471204,34931.084592,1.6890472089
4503614,15154.19498,0.9932872163
4503744,27879.624883,0.657885556
4503994,62757.619321,1.2736913987
4505904,34804.659211,0.9974979847
4507474,33207.253243,1.0320689068
4507484,27917.868792,0.8676768329
4507534,27982.589917,0.9254752638
4507824,76109.96056,1.8739007085
4509544,22260.969422,1.0774681098
4509644,45442.725544,1.2167573106
4509824,51356.608155,1.2644492745
4510824,54038.389749,2.0913646766
4511884,29948.012333,1.3588190203
4512234,41798.880091,1.3469843037
4512264,42757.154645,1.1636878489
4513274,29968.592533,0.737855681
4514084,38838.605183,1.4194323624
4545483,43730.339916,1.7014789219
4545553,24809.257688,1.0350126876
4545813,26763.183108,1.5877032551
4546003,35179.80104,1.9708276999
4546223,80758.583685,1.6073919877
4546923,44223.531829,1.3382945468
4547993,86469.006849,1.7469517644
4548633,30792.523325,1.2332086369
4549263,26259.703393,1.1630934307
4549373,45682.920661,1.3249835715
4550323,43944.608305,0.9932872163
4550763,34486.792616,1.3014116252
4550773,55834.523559,1.4341483194
4551173,26735.597659,0.8093258249
4552033,41124.314371,1.3274855045
4552173,33178.203693,1.21183583
4553613,34896.813833,0.9974979847
4554313,60034.193177,1.3521825364
4554773,36647.241137,1.6231777176
4556383,52481.370664,1.2102723838
4558003,30212.208626,1.107419367
4558043,63348.264623,1.2462168186
4558763,50598.386642,1.2171631518
4559003,47238.783312,1.6158851743
4559213,45475.222324,1.5498848126
4560373,31909.208211,1.0774681098
4560773,61496.180988,1.8526143198
4561293,39359.290847,2.1146711165
4562213,95642.361417,1.8815214604
4562293,65990.983403,1.3920092388
4562763,32552.045077,1.1931853643
4562893,43041.583768,1.4533715032
4563053,20523.189848,0.6978706185
4563803,75030.821386,1.5826949558
4565443,33280.044854,0.9974979847
4565953,43940.173434,1.4975673342
4566993,58765.890681,1.9843291858
4567593,27638.288397,0.9974979847
4568523,41157.174982,1.6350328003
4568793,18790.957855,1.1630934307
4569313,47026.130879,1.7641839608
4569513,41911.97305,1.580820948
4569903,34851.684523,1.1231083681
4569923,83202.647744,1.9633628645
4570253,22740.450964,1.1630934307
4570353,35241.381375,0.8676768329
4572663,33772.872179,2.1387599065
4572864,42612.864205,1.5573699988
4573673,44933.350883,1.2734157834
4574083,26720.542605,0.657885556
4574623,25280.058852,1.5831368037
4574733,85090.198674,2.4333586457
4574893,78660.939286,1.877293695
4575293,20811.654341,1.3801403708
4575933,60011.656056,1.8133322013
4575993,45871.955531,1.8969824276
4576503,37985.45806,1.4700927541
4576543,29829.857553,1.3863730143
4577073,44967.766293,0.9974979847
4577493,77134.055816,1.6231777176
4578843,53089.259717,1.0774681098
4579163,47254.56893,1.4972917189
4609942,40635.720554,1.3588190203
4610292,61521.088958,1.3469843037
4610952,47100.733098,1.1956872973
4611382,41646.723453,1.4749105427
4611542,34764.813712,2.0175194043
4611932,25920.933185,1.1231083681
4612872,82258.205569,1.7261759537
4613372,57790.032479,1.3469843037
4613682,47955.126216,1.4733928776
4614152,47455.665565,1.1470465892
4614162,16493.391631,1.0774681098
4614472,34801.699229,1.3993017821
4615532,36800.616699,1.1630934307
4616432,51244.040342,2.3200490896
4616862,63310.365204,1.5211150024
4617292,29549.71853,0.9974979847
4617502,27782.924476,1.4972917189
4617732,33054.981732,1.7801419829
4618102,17774.432822,1.3382945468
4618302,43709.201257,0.9475483053
4618512,70095.782388,2.5876170742
4618812,46874.398727,1.5023000182
4619342,37156.47781,1.4128887415
4619792,37914.832781,1.877293695
4620082,27794.770837,0.7661118169
4651842,31240.834461,0.6786474346
4653212,64698.152211,1.3993017821
4653242,69451.747575,1.6055179798
4654092,55097.541491,1.2736913987
4654122,67267.638156,1.9480741894
4654702,62282.214971,1.943674132
4656402,43432.877541,1.4533715032
4656632,42696.023548,1.5877032551
4657072,84747.704027,2.4862375967
4657382,56356.396057,1.5203660801
4657662,55097.046957,1.1968780674
4658222,25704.624239,1.1283066009
4659172,49497.536168,1.5498848126
4659192,32541.493285,0.9974979847
4659912,25918.210304,1.3869693662
4661742,44858.431877,1.2471756715
4662312,37594.208809,0.9932872163
4662712,35083.501081,1.2102723838
4663312,39289.940408,2.0292678795
4679262,44852.432209,1.4972917189
4681532,45368.85006,1.1246470629
4681792,65892.285504,2.2567609604
4682102,57473.626745,1.7506271624
4682312,41471.346836,1.2981128152
4684212,38995.025939,1.0766862195
4684322,27685.366203,1.0960243409
4684622,37545.186956,1.1630934307
4685712,38988.302289,1.2294955677
4685742,48333.260281,1.4972917189
4686932,56274.416392,1.5136915888
4687152,21751.743241,0.5
4687702,32580.080205,1.4460789599
4688002,47586.950329,1.1579549054
4688302,52396.917792,1.6231777176
4688762,54840.211715,1.0774681098
4689682,44606.405353,1.2736913987
4689922,66497.998735,1.4972917189
4690112,44934.693755,1.3920092388
4736051,35280.108285,1.2981128152
4737331,23684.984941,1.2755304601
4737381,33500.523763,1.3469843037
4737501,58039.570841,1.7261759537
4738411,41507.185495,1.2294955677
4740161,56555.820929,1.4357117655
4740681,36162.93709,2.0986572199
4741411,40528.561201,1.5425922693
4741481,38056.259692,0.998129766
4741521,80437.5382,1.5498848126
4742211,46767.537437,1.3869693662
4742741,34120.418854,1.2991130747
4742901,61256.726164,1.1980688375
4743191,36091.566596,1.943674132
4743211,30724.070298,0.7426287172
4744521,21738.823538,0.8276917704
4744831,39588.200765,1.1231083681
4745421,31368.420753,0.8227228508
4745431,51229.573644,1.4533715032
4745441,38511.398507,1.2171631518
4745511,30267.382011,1.1630934307
4745701,33794.862164,1.3588190203
4745841,44868.979404,1.4167062706
4746531,43817.800865,1.3835160522
4746871,66813.692036,2.0913646766
4747092,59899.800343,2.2063311135
4747291,49736.972955,1.2102723838
4747371,49132.803077,1.7261759537
4747651,33643.505343,1.1231083681
4747791,44342.748465,1.522264366
4748351,49048.855143,1.535299726
4748391,53377.921656,2.421523929
4748711,37545.186956,1.1630934307
4749071,35526.545127,1.2167573106
4749491,42306.026854,1.2294955677
4749951,23351.683899,1.4972917189
4750581,38184.714107,1.1630934307
4750731,66649.17048,1.6521642874
4751273,57669.078132,1.2855192878
4751444,25484.957867,1.9960776611
4751481,48572.39519,1.7064872212
4751771,21007.497256,1.3469843037
4753401,33410.077316,1.2983884305
4753581,53106.410201,1.5425922693
4753951,29637.947357,1.186510873
4754211,45496.019004,1.3469843037
4755311,51875.373905,1.5498848126
4755471,34726.928338,1.3588190203
4755531,50965.573746,1.530171034
4755923,56085.056016,1.6073919877
4756331,22099.900685,0.657885556
4756341,51819.249774,1.5425922693
4756412,30233.601654,2.4530473782
4757061,76875.56704,1.9056661249
4757491,45725.755313,1.1126656006
4758631,71597.357981,1.5425922693
4759171,29255.3473,0.9585003865
4759232,43015.269983,1.4209445136
4759851,63885.292535,1.4164885816
4760691,44834.352249,1.4689192891
4762491,30475.115683,1.3588190203
4762791,32542.048622,1.2983884305
4762831,49009.708994,1.5023000182
4763051,14004.773736,0.737855681
4763211,47305.581831,1.5498848126
4764071,48153.38869,1.0374830473
4764081,43942.826294,1.3469843037
4764871,39685.756758,1.4011408435
4764991,34949.087852,1.4460789599
4765471,40556.273521,1.8477131899
4765491,33642.321426,1.3920092388
4766711,25311.330829,1.5423745803
4767031,56376.189478,1.7506271624
4767164,41095.501589,1.3274855045
4767791,50194.643418,1.2222030244
4768781,30519.525333,0.7113399539
4769371,42348.486018,1.2981128152
4545484,28383.48955,1.7404686708
4545514,43753.327013,0.9798120853
4545554,22828.743957,0.9415455248
4545814,26211.075708,1.5372475777
4546004,26593.624497,1.666330078
4546224,79582.264087,1.6305534649
4546924,18804.687417,0.8585692879
4547784,44076.45224,1.4714774983
4547994,46974.533104,1.5233203142
4548524,48246.568755,1.1994718275
4548634,36081.440982,1.1320891061
4549264,22307.772094,1.2157377082
4550324,28998.617943,1.0725717854
4550374,56429.195519,1.3445774563
4550584,21660.478392,0.6934802395
4550764,16632.221435,1.0798393641
4550774,50363.383508,1.2007637551
4551174,38620.700314,0.9636929111
4552034,46839.130872,1.5637085931
4553414,23863.446669,1.5708417325
4553564,29489.659847,0.9798120853
4553614,43753.327013,0.9798120853
4556384,46775.630137,1.073863713
4557154,57032.782672,1.9044091508
4558764,49570.927917,1.1994718275
4559004,42765.244139,1.4714774983
4559634,46567.905239,1.5569144691
4560024,70095.214438,1.9807302019
4560144,49313.17822,1.5569144691
4560374,29744.892652,0.9944671875
4560704,54387.979833,1.8525663349
4560774,40631.203603,1.7582257127
4561294,20896.417894,1.3690388698
4562214,47724.891697,1.6872599578
4562294,63369.084282,1.3445774563
4562764,26392.969544,1.1894111321
4562894,24909.717086,1.3823360131
4563054,29864.828291,0.7008077906
4563554,29426.564189,0.9819245595
4563804,70109.043911,1.48758722
4565124,40209.48993,1.5537407947
4565444,35621.547613,0.9871396364
4565954,41157.170512,1.2969038641
4566004,44012.452877,1.4714774983
4566994,46567.905239,1.5569144691
4567594,29363.257027,0.9798120853
4568524,27591.732918,1.5231206362
4568794,21437.369725,1.2157377082
4569314,44187.10423,1.4287070833
4569514,47537.792838,1.6758062572
4569904,37944.603699,1.2084101571
4569924,56344.264988,1.4126408805
4570254,55925.43476,1.2157377082
4570354,35630.128079,0.8439737135
4571704,12346.277393,0.6435985605
4572024,59333.245605,1.5521075477
4572664,61785.40279,1.997715038
4573674,56413.38926,1.5799744739
4573834,35832.221187,1.2084101571
4574084,29276.729072,0.6934802395
4574624,34786.805738,1.2393146866
4574734,80023.307807,1.8616822546
4575934,50032.680546,1.5072105925
4575994,68431.52106,1.4448603238
4576314,33263.748847,1.138925038
4577494,73354.439324,1.525501936
4578414,54972.644791,1.4584458234
4579114,49362.462979,1.6756065792
4579164,56660.633764,1.706874516
4609943,39344.928669,1.3606871779
4610293,58969.543742,1.3353101992
4610953,40987.601676,0.9658148378
4611383,32201.212141,1.1274167005
4611543,34256.601548,1.7622745015
4611933,38327.069486,1.2084101571
4612873,90783.809039,1.8834349157
4613683,30582.439354,1.8275006286
4614153,23962.570492,0.888606273
4614473,43579.743982,1.3986018939
4616433,16135.421682,1.3091709783
4617293,18417.361442,0.9798120853
4617503,34501.005663,1.706874516
4617733,28611.861204,1.5233203142
4618303,15544.542353,0.6554028318
4618513,33109.037695,2.1028180637
4619033,38156.526327,1.1423628383
4619793,34393.867272,1.3515544366
4620083,35436.480772,0.8053782257
4651843,19444.550358,0.5192355327
4652373,38462.984127,1.2014115334
4653213,65310.791515,1.3986018939
4654093,54741.614578,1.170003822
4654123,35636.695935,1.8547052743
4654703,29791.230312,1.3354447149
4656633,56195.212214,1.5372475777
4657073,76596.055319,2.4490062382
4657253,32283.349525,0.9798120853
4657383,22577.625935,1.3015087962
4657663,32668.23381,0.8723527914
4658223,32185.820388,1.5797747959
4658873,44195.039347,1.48758722
4659173,46983.766451,1.3601955588
4659193,32283.349525,0.9798120853
4659913,42984.317234,1.3426377503
4661743,29589.020777,0.7173901305
4662313,25990.991759,1.0725717854
4662713,49220.635285,1.073863713
4663313,25315.43188,1.6219203206
4663393,36907.77554,1.2241564716
4679263,51738.604828,1.706874516
4684213,25379.904495,0.8859981944
4684323,49138.379288,0.9983218009
4684623,22300.215281,1.2157377082
4685713,53561.767807,1.255435971
4686783,31666.17937,0.9842507776
4688003,43167.513867,1.0105720184
4688303,49829.436379,1.525501936
4688763,49075.185631,0.9944671875
4689683,39728.035134,1.170003822
4690113,24663.516261,1.3445774563
4736052,59769.875054,1.7229407188
4736162,37146.626627,1.1921442763
4736202,67368.730648,1.525501936
4736792,52446.660997,1.107893569
4736882,36612.911204,1.0961487637
4737332,20501.111337,1.2348759943
4737382,26990.58678,1.3353101992
4738342,41151.367483,1.3283115755
4738412,50800.26819,1.255435971
4738752,41371.586609,1.3326205738
4740232,48897.515523,1.706874516
4741412,40186.557482,1.3061711212
4741522,68576.458426,1.3601955588
4741562,22485.462521,0.8724122502
4741842,28355.762916,0.9842507776
4742092,35153.64456,1.2157377082
4742212,43774.441085,1.3426377503
4742742,34189.678639,1.141200204
4742902,40282.106039,0.7788907451
4743192,44870.181482,1.3193349932
4743212,13483.232799,0.5
4744522,25065.420884,0.8366461624
4744752,34483.73299,1.1994718275
4745422,21421.826235,0.6641290843
4745432,61046.282758,1.3823360131
4745512,39637.079079,1.2157377082
4745702,42398.340167,1.3606871779
4745842,45766.790801,1.4875437011
4745872,38408.772445,1.3283115755
4745922,54489.341261,1.8187725021
4746972,25697.013901,1.0725717854
4747292,45517.133363,1.073863713
4747372,60595.520196,1.8834349157
4747792,48020.449426,1.439870109
4748612,52369.900401,1.1794467951
4748712,39711.208067,1.2157377082
4749072,29332.257474,1.6754069012
4749202,49928.718313,1.1896108101
4749492,58119.627019,1.255435971
4749952,29054.316959,1.706874516
4750102,19957.286031,1.0777128239
4750652,57593.601347,1.7901290285
4750732,86608.787126,1.8994025515
4751274,53831.841588,1.234793611
4751482,35722.583398,1.7901290285
4753952,37010.57557,1.2196477952
4754212,23192.882544,1.2084101571
4754842,45798.108675,1.411266169
4755382,37349.231918,0.9656151598
4755472,67587.189034,1.3606871779
4755532,29715.667939,1.0176887733
4755812,43641.645469,1.4491808849
4756342,60074.993003,1.3061711212
4756413,58722.079626,1.9549881419
4757062,80893.557552,1.7740628257
4758632,65570.461613,1.3061711212
4759172,47425.708519,1.436608873
4759852,34840.785573,1.4940343213
4760532,27294.691534,1.3986018939
4760692,42399.831095,1.2843661269
4761452,26971.314219,1.2591236639
4762492,40424.939498,1.3606871779
4762792,61388.640333,1.3129700669
4762832,57875.209063,1.7565348736
4763052,21251.969588,0.7081353418
4764082,42749.726942,1.3353101992
4764152,62361.528135,1.3354447149
4764322,19487.714322,0.8735713438
4764462,26802.05928,1.5031618037
4764872,27669.055905,1.4634740661
4765472,42787.115964,1.3976388245
4765492,43046.416586,1.3445774563
4765592,46922.730663,1.5635089151
4766712,21748.683669,1.3126617413
4767192,44677.21658,1.776201765
4767492,56878.170432,1.7229407188
4767792,42850.338274,1.2014115334
4768782,17451.214753,0.5
4769412,43712.267731,1.7378389488
4815401,30145.571318,0.9798120853
4815671,33437.625568,1.1089807606
4816181,38790.743184,1.170003822
4816271,41633.3476,1.7313359295
4816321,26794.906554,1.5792369432
4817851,37474.894392,1.2428794265
4819131,24202.123144,1.4462350353
4819301,44652.487199,0.9263772291
4819551,27277.345448,1.0246892711
4819701,39398.176624,1.2084101571
4820521,40636.476087,1.4875437011
4821041,91140.033164,1.7622745015
4821143,20144.722371,1.1213672296
4821231,60131.985672,1.2170296359
4821271,16673.954461,1.255435971
4821921,47533.886594,1.525501936
4822141,48518.403651,1.1921442763
4822581,50459.742038,1.073863713
4822881,42584.357676,1.3426377503
4822931,41115.301821,1.5050716532
4823451,26990.397854,1.3445774563
4823551,37653.463436,1.2084101571
4823781,16271.764098,0.6934802395
4823931,41835.92892,1.3426377503
4824021,44110.62721,1.525501936
4824544,56571.124685,1.234993289
4824591,36767.561843,1.1089807606
4824671,30659.43955,1.706674838
4825921,28584.847104,1.107893569
4825981,55436.264491,1.3671342792
4827361,26696.441842,0.9406755876
4827411,34845.80796,0.998377719
4827721,35936.981481,1.6109389067
4827891,38226.659287,1.217465337
4828371,14190.994286,0.5
4828711,32587.712315,0.9871396364
4828881,34350.806235,0.9944671875
4829001,41603.895419,1.3606871779
4829671,36847.995594,1.2221736913
4829931,55811.145113,1.615751087
4829961,36118.605436,1.2157377082
4829981,37030.625198,1.4714774983
4830881,39389.541569,0.888606273
4830891,52577.560012,1.6066183456
4832491,50582.611721,1.5799744739
4833011,42749.726942,1.3353101992
4833221,23135.250402,0.7008077906
4833941,33579.81868,1.327037105
4835311,20812.152835,0.6934802395
4835901,37228.480586,1.234793611
4836761,23140.491644,1.0024870394
4837291,78223.449538,1.5612350302
4837631,37688.056949,1.8498407608
4837931,44994.250454,1.3638885106
4838331,29506.745567,0.9798120853
4839621,40634.397075,1.2521466835
4839651,50090.417974,1.5569144691
4840661,64798.304575,1.48758722
4841531,41233.984842,0.9728134615
4842541,84782.786549,1.706874516
4842621,67306.176745,2.0740360891
4842831,69973.591275,1.5799744739
4843271,45401.713289,0.9871396364
4843681,35458.41189,1.0268378992
4843771,49092.38328,0.9871396364
4844621,31415.109235,1.2084101571
4844931,29622.646692,0.6934802395
4845141,33518.794912,0.9871396364
4845341,25967.00364,1.525501936
4846261,37582.15752,0.8889497109
4848131,27980.084188,0.922056668
4848311,48351.982421,0.9798120853
4848771,24627.936333,1.3426377503
4849111,36978.834589,0.8746790096
4849171,67306.176745,2.0740360891
4849261,36115.910786,1.8098394387
4849961,60387.351064,1.2157377082
4609944,36611.954903,1.2724082817
4610294,47068.202588,1.0710655505
4611384,62915.179857,1.2786384321
4611544,27869.693497,1.7268027806
4611934,22764.936665,0.791170371
4613684,32071.106415,1.9111494664
4614154,48762.904025,1.0606538886
4614474,35540.042841,1.1462026883
4615534,25476.323636,0.9516743508
4615754,44997.079628,1.7013822681
4617294,21868.598044,0.641464682
4617504,45758.348945,1.4757534989
4617734,53887.244097,1.665371642
4618104,37787.815241,1.0942949429
4618514,57152.331036,1.8985988202
4619794,71146.525729,1.77923584
4620084,24470.476949,0.5
4651844,27983.867543,0.5329144118
4653214,56096.252928,1.1462026883
4654094,48069.858754,0.9964969993
4654124,49755.861291,1.4824422282
4656044,52833.34868,1.6487349323
4656634,82429.402661,1.6150382094
4657074,76804.517164,2.4787229134
4657254,22150.836976,0.641464682
4657384,49355.880719,1.0942949429
4657664,59339.29826,1.1300356242
4658224,43999.134771,1.2927136194
4659174,38349.613706,1.1462026883
4659194,22150.836976,0.641464682
4659914,39381.051998,1.2315695303
4661744,40296.105917,0.9114241986
4662314,35791.292511,0.7935473914
4662514,49375.714422,1.4757534989
4662714,50667.365513,1.0352753977
4663314,52066.57912,1.7908095452
4663394,54040.45097,1.1981589904
4679144,32181.508994,0.791170371
4679264,55654.002543,1.7386965039
4679594,48434.022118,1.4025977721
4680374,43881.290499,1.3693740474
4680944,36259.348844,1.0500321816
4682114,40097.896983,1.3515293166
4684214,20391.878632,0.6002396378
4684324,38159.950898,0.8526694957
4684624,18348.868338,0.9516743508
4686224,51279.581513,1.6039405033
4686784,27286.087337,1.1205114726
4687404,81513.003751,1.5523034612
4687704,32442.970375,1.3070048325
4688004,43305.024605,0.9601382599
4688764,29111.269729,0.9624726416
4689684,33335.226189,0.9964969993
4690114,22852.09277,1.1852366125
4736163,28307.276687,0.9129385911
4736203,48450.867498,1.4260978678
4736793,25225.957631,0.9231487868
4736883,19739.797109,1.0238156519
4737333,13740.854387,0.7900674898
4737383,33210.282908,1.0710655505
4738413,44565.085613,0.9880757289
4738753,50463.240957,1.4613617917
4739983,51173.154201,1.13458666
4740233,50137.889447,1.4757534989
4741483,35950.803897,0.7970840015
4741523,49372.585962,0.9964969993
4741563,31279.456605,1.3388275116
4742093,27383.237688,0.9516743508
4742743,42896.953985,1.4458135439
4742903,56424.550292,1.1467280024
4743173,48533.253826,1.5179768553
4743193,51930.290993,1.6048925015
4743213,55107.375298,1.1986540397
4745423,31056.250954,0.7329950982
4745433,55721.250267,1.2679709084
4745443,28736.059049,1.0734425709
4745513,30875.648066,0.9516743508
4745703,39453.270616,1.2724082817
4745873,37607.427328,1.3070048325
4745923,43502.68616,1.4662293474
4746973,35573.791579,0.7935473914
4747293,43231.393449,1.0352753977
4747373,47296.707393,1.8183834266
4747793,80324.307326,1.5313744381
4748013,59066.429146,1.4144818395
4748353,45811.127064,1.4295971648
4748613,61466.898892,1.373454327
4749203,53555.838353,1.0942949429
4749493,23998.938971,0.6330434116
4750103,26643.007887,1.1038190945
4750733,47519.473679,1.2890540849
4751483,39598.779393,1.6261359155
4751773,26586.395903,1.0710655505
4752373,53120.905714,1.5391660486
4752483,41097.924015,1.7026858778
4753953,59330.681569,1.1311331796
4754213,28412.625904,0.791170371
4754533,36705.660255,1.1467280024
4755383,54583.4699,1.2101985459
4755473,51756.258906,1.2724082817
4756023,53351.396069,2.0938696293
4756343,63008.915012,1.3905632407
4756414,61959.665845,2.2686889669
4757063,80713.777514,1.6510488356
4758633,63788.026671,1.2324362813
4758723,31841.090673,0.9516743508
4759173,37468.834106,1.13458666
4759853,59414.122995,1.3553020568
4760533,36651.335194,1.1462026883
4760693,39064.679536,1.6039405033
4762493,37756.764595,1.2724082817
4762793,59531.272502,1.2514792586
4762833,53126.545096,1.5384882472
4763053,20707.936996,0.6462187227
4764463,50036.881794,1.6065115759
4764873,29682.793137,0.9397731789
4764993,41793.194785,1.3070048325
4765473,46959.91156,1.5077206816
4765493,23087.479214,1.1462026883
4766713,40666.047382,1.3056464257
4767193,58875.320105,1.676469348
4767493,47912.871602,1.4508405788
4767793,50267.726178,1.0271096531
4768783,35846.915014,0.7324523157
4815402,19394.994297,0.641464682
4815672,40743.98339,1.2714702054
4816182,32467.809888,0.9964969993
4816272,95177.480364,2.0702287255
4819302,50032.85372,1.0910017001
4819702,25668.336984,0.791170371
4821144,36078.105052,1.242367821
4821232,62666.748641,1.1934023572
4821272,34119.890007,0.9880757289
4821922,44218.688224,1.4260978678
4822142,41176.182432,0.9129385911
4822582,47806.608106,1.0352753977
4822932,76934.238075,1.5527794603
4823552,18965.626904,0.791170371
4823692,26952.591177,0.6361397982
4823782,21278.162739,0.5
4824592,41426.971619,1.2714702054
4824672,51238.652547,1.5726087989
4825922,45537.105087,0.9231487868
4825982,48503.974093,1.0754068773
4826282,25668.336984,0.791170371
4827362,52378.070829,1.7217443295
4827412,47635.343354,0.9733227402
4827512,49815.338498,0.9624726416
4828492,34248.726604,1.0710655505
4828882,34276.889044,0.9624726416
4829272,20410.857746,0.6462187227
4829372,45153.913587,1.4295971648
4829932,50606.98595,1.4210110896
4829962,28239.477023,0.9516743508
4829982,50593.425304,1.4651317919
4830892,58647.772213,1.9278386479
4832072,31816.080699,0.9213598614
4832492,38239.139165,1.1958583195
4833222,17018.129194,0.5
4837292,78556.988461,1.5391660486
4837632,42152.833985,1.7307357583
4837932,54675.277377,1.6290129026
4839142,50050.136307,1.4510171625
4839702,16022.39015,0.5
4840662,75971.212129,1.5523034612
4841592,19638.73145,0.791170371
4841772,44408.568055,0.9129385911
4841982,33824.823761,1.4013615314
4842542,77022.368091,1.4757534989
4842822,48143.221717,1.3941765018
4842832,58526.446882,1.1958583195
4843272,22607.48811,0.8019686618
4843682,28950.304828,0.8383700399
4843772,42112.174693,0.8019686618
4844622,38485.330348,0.791170371
4844722,48513.321425,1.6039405033
4845142,26827.784485,0.8019686618
4845342,35399.142931,1.4260978678
4848132,51610.796933,1.3048549618
4848312,31186.156064,0.641464682
4848772,32942.946803,1.2315695303
4848992,31012.147286,1.2735232573
4849112,43674.568075,1.0500321816
4849172,30192.913609,1.5179768553
4849262,48800.575862,1.8762016057
4849962,49669.68549,0.9516743508
4850082,29420.393368,1.1852366125
4895301,32874.178063,1.0282072085
4896261,44665.588187,1.5523034612
4896314,62732.841119,1.3908825006
4896411,26854.027378,0.9964969993
4896701,98103.266768,1.9887937874
4896951,34768.149613,0.791170371
4897071,55335.651244,1.7307357583
4898021,48107.49252,1.2679709084
4898241,34768.149613,0.791170371
4898501,33144.587477,1.1038190945
4898721,31548.645018,1.8139744498
4898812,44563.555767,1.2905131827
4899761,57111.313753,1.211247088
4901371,40473.687458,1.5391660486
4901391,59105.164972,1.2076831419
4902641,45114.665976,1.3846523502
4902881,24621.471155,1.0271096531
4903511,39154.469977,1.2017229365
4904251,58578.944314,1.2987842906
4905111,48131.915999,1.5523034612
4905551,32137.758068,1.0702885059
4905731,69794.590002,1.4260978678
4905773,51238.652547,1.5726087989
4905853,29699.719709,1.8401909796
4906461,66963.069043,1.3515293166
4908041,39523.291955,0.9765786059
4908101,53919.191632,1.1335008834
4908331,69345.714809,2.0081781534
4910241,43938.363574,1.2724082817
4910754,48809.123435,1.4542348143
4911361,20057.400778,0.9516743508
4911681,47911.839569,1.5634011673
4912221,31662.669653,0.9880757289
4912751,54195.489812,1.1958583195
4913201,49245.51931,1.4260978678
4913601,35791.292511,0.7935473914
4913941,80750.950054,1.7137835838
4914031,42690.852854,1.2927136194
4914681,42922.429443,1.3394515126
4916321,58987.666162,1.9037171917
4916741,47547.162111,1.5523034612
4917043,59804.582995,1.7307357583
4917701,39734.06432,1.631424496
4917871,54060.263113,1.5179768553
4918121,48334.11604,0.9624726416
4918801,45705.650672,1.4295971648
4918921,31186.156064,0.641464682
4919531,40399.290038,1.1699204758
4919991,44228.304825,1.2315695303
4921571,26586.395903,1.0710655505
4922171,48314.453,1.1570009791
4922191,28412.625904,0.791170371
4922331,25698.909573,0.8019686618
4922943,53277.862299,1.5523034612
4923134,66611.206026,1.3693740474
4925051,31816.080699,0.9213598614
4925251,43329.205099,1.665847641
4925321,88752.873946,1.6920641708
4925371,84738.814141,1.6137345998
4925651,22099.494642,1.1462026883
4925861,36760.906833,1.0710655505
4925971,59670.257085,1.86416902
4926011,40149.107267,1.3693740474
4926831,50233.614905,0.956630362
4926951,28405.829324,0.6802430804
4928811,28710.671227,1.1038190945
4928971,34326.525884,1.1570009791
4929891,41049.462519,1.5781999727
4929921,29524.774336,0.9213598614
4930211,36564.580908,1.2324362813
4736164,30274.550067,0.9747151337
4736204,29906.436664,1.2080190642
4736794,41418.468372,1.00089435
4736884,36577.245829,1.2527379751
4737334,27788.260987,1.0886456443
4737384,33942.531327,1.0928089397
4738414,37834.435332,0.8646535584
4738754,47465.070414,1.4191877925
4739984,36210.799843,0.8088840263
4740234,53558.933996,1.2166814797
4740794,30524.030315,0.9827473645
4741414,24241.778279,1.053109197
4741484,37515.766916,0.9837300722
4741524,32142.062081,0.9125366829
4741564,25441.102237,0.9553353391
4741844,33665.224095,1.0846942544
4742094,26084.949724,0.9050031862
4742214,20658.135154,1.1302748859
4742504,44567.865311,1.0985876736
4742744,28500.157949,0.9707408985
4742904,51249.526687,0.9806539749
4743174,55228.486733,1.7456577928
4743194,49580.055279,1.4426660812
4743214,30146.795665,0.7285097358
4744524,19941.717465,0.6792327524
4745424,25760.727783,0.675492058
4745434,47979.061023,1.0899252581
4745444,32023.017096,1.0121810799
4745514,16540.824156,0.9050031862
4745704,31472.722163,1.0132913131
4745844,33952.263701,1.0617716125
4745874,32145.988721,1.1152876477
4745924,40806.524417,1.3899067594
4747294,19623.532245,0.7915591952
4747374,28088.828132,1.4524405854
4747794,30606.45923,1.191470241
4748014,41593.379339,1.034155726
4748354,32856.670734,1.0784715866
4748714,30389.444111,0.9050031862
4749074,37989.370142,1.2073810057
4749204,57123.888759,1.1887345339
4749494,24966.756847,0.749443434
4750104,30973.507904,1.0155092542
4750734,44354.687713,1.6182635127
4751484,27253.87503,1.409266133
4751774,21412.66301,1.0928089397
4752374,36849.188135,1.3444282827
4752484,43650.674147,1.4311476661
4753954,31407.766393,1.0679942803
4754214,30481.193464,0.86753724
4754534,17599.119706,0.9806539749
4755384,33324.642002,0.7524896372
4755474,36218.914788,1.0132913131
4755534,43816.247229,1.3791509543
4755814,36678.203529,1.2835624556
4756224,16108.724136,0.5611389464
4756344,45959.954244,1.053109197
4756634,40855.40735,1.2166814797
4757064,43329.939531,1.5808759743
4757494,41159.421932,0.9587724418
4758634,27606.627109,0.9350153909
4759854,51686.800162,1.1987185902
4760534,31282.366996,0.9827473645
4760694,36316.550815,1.0888347045
4761854,55688.528064,1.4140062336
4762494,16463.892509,1.0132913131
4762794,45206.064425,0.9661985414
4762834,31354.57755,1.5913633803
4763054,19256.211356,0.6360708388
4764084,34785.796986,1.0928089397
4764154,66681.086324,1.4478476401
4764324,29724.676014,0.9702908569
4764464,33128.748973,1.0814086658
4764994,35501.328992,1.1152876477
4765494,17206.802858,0.9827473645
4766714,36457.14476,1.1900561746
4767194,53028.33951,1.5351879455
4767494,34856.895269,1.0450716384
4768744,28819.302908,0.6763490708
4768784,25142.581672,0.5883388653
4815403,25496.105991,0.7973265585
4816183,31444.743011,0.9125366829
4816273,76080.499596,1.838516613
4817853,38187.063588,1.2006367184
4818213,45171.608073,1.454338707
4819223,30056.81124,0.8722584509
4819303,43160.074768,0.8861065851
4819703,28194.169614,0.86753724
4821233,47410.373102,0.9096530013
4821273,28966.774197,0.8646535584
4821923,21101.320377,1.2080190642
4822143,39542.563454,0.9747151337
4822583,27828.487258,0.7915591952
4822933,53393.37592,1.4154787011
4823553,26945.615905,0.86753724
4824403,35068.467945,1.2166814797
4824593,32219.327977,0.9350153909
4824673,28582.334815,1.152249532
4825193,43170.137694,1.1319977215
4825923,44439.777558,1.00089435
4825983,42523.954769,0.9734468905
4826283,28194.169614,0.86753724
4827413,43726.500914,1.0232043895
4827513,43806.717034,0.9050031862
4827723,46923.555596,1.531707089
4828113,54453.281414,1.81663508
4828493,34785.796986,1.0928089397
4828883,30441.007267,0.8722584509
4829273,19687.384919,0.6360708388
4829373,33380.378338,1.0784715866
4829933,45348.855852,1.2994288398
4829943,48429.835053,1.5808759743
4829963,26733.002225,0.9050031862
4829983,40236.747251,1.2333814538
4830893,58134.852315,1.8535701233
4833223,19965.624635,0.5986048926
4834413,32358.429789,1.0731493006
4836993,50091.380618,1.6611097581
4837293,67490.990787,1.3444282827
4837633,42370.51611,1.2703433381
4837933,37593.85622,1.1387846192
4838333,22783.858832,0.7973265585
4839143,33821.535417,1.0290268772
4839703,17095.635923,0.5611389464
4840933,51983.638884,1.454338707
4841593,18923.273558,0.86753724
4841773,46387.97299,0.9747151337
4842543,62127.292182,1.2166814797
4842823,36785.347759,1.1204692067
4842833,43959.609545,0.99140978
4843273,22456.405515,0.8347925047
4843773,39270.12158,0.8347925047
4844723,50985.417312,1.0888347045
4844933,24186.788634,0.5986048926
4845143,26896.816346,0.8347925047
4845343,26350.079465,1.2080190642
4848133,32312.170829,1.0987477809
4848313,37335.352327,0.7973265585
4848563,23139.353184,1.3697906723
4848773,37953.927674,1.1302748859
4848993,19631.971218,1.1621626084
4849113,47666.827343,1.1486976956
4849263,55161.545873,1.6783008988
4849963,32348.282141,0.9050031862
4850083,19740.504584,0.9050031862
4895282,35699.16041,1.2385630127
4895302,33110.091783,1.0465412536
4896262,16425.177446,1.0132913131
4896382,40621.760366,1.2703433381
4896412,29180.179364,0.9125366829
4896702,82298.640182,1.8535701233
4896952,38189.428009,0.86753724
4897082,30657.73323,0.701808551
4898022,48871.513411,1.0899252581
4898072,34421.863159,0.9125366829
4898242,21477.26662,0.86753724
4898502,37911.063919,1.1887345339
4898722,30989.606602,1.6662913171
4898813,33162.989179,0.991560931
4899762,63113.015311,1.336244901
4899842,46416.752959,0.9827473645
4901372,35802.859992,1.3444282827
4901392,51661.417257,1.0898758134
4901752,33784.160292,1.0593318648
4902102,62833.072185,1.2333814538
4902322,26049.165486,1.0888347045
4902642,44578.909999,1.2936944864
4902882,15546.535826,0.890015948
4903512,34963.512942,1.5094701807
4904322,26941.706642,0.5986048926
4905112,38469.637585,1.2385630127
4905732,57357.052799,1.2080190642
4905854,49823.234084,1.5622510376
4906462,38767.712714,1.0277468074
4908042,43743.347189,1.1172967342
4908102,42592.388014,0.9103358962
4908332,51377.56765,1.7039084143
4909432,35127.690313,1.134924701
4911362,30142.482706,0.9050031862
4911682,43294.384107,1.398778727
4912582,54889.548066,1.2166814797
4912892,35683.826113,1.2080190642
4913062,24499.992159,0.7915591952
4913202,39409.347052,1.2080190642
4913862,33380.378338,1.0784715866
4913942,72536.834645,1.5913633803
4914032,30918.042392,0.9269778323
4914132,35939.706288,1.2166814797
4915242,38795.925846,1.1631707722
4915782,29571.984194,0.9806539749
4916042,21499.97253,1.058290756
4916342,43545.348869,1.3190658931
4916402,47900.310641,1.2162529733
4916742,32976.858592,1.2385630127
4917412,30045.94545,0.9707408985
4917702,24328.716337,1.2530185071
4917872,60921.830565,1.7456577928
4918122,25753.708475,0.8722584509
4918922,23013.134358,0.7973265585
4919392,49508.121142,1.5080005654
4919702,65646.965439,1.409266133
4919992,22258.174111,0.9050031862
4920972,49021.912777,1.1419222334
4921572,34053.111012,1.0928089397
4922172,38208.771401,0.9500026291
4922192,19166.634248,0.86753724
4922332,25432.753909,0.8347925047
4922944,29112.958436,1.2385630127
4923252,26176.475495,0.7973265585
4924182,24545.469979,1.4530291991
4924272,22167.397095,1.2352064443
4925052,32793.139332,1.0600642044
4925252,51006.667951,1.5518879196
4925322,37192.275764,1.4478476401
4925372,88002.051746,1.7067977868
4925652,33000.045261,0.9827473645
4925862,36695.844503,1.0928089397
4926012,46696.569724,1.454338707
4926032,22846.002413,0.7869093802
4926832,44878.765914,0.9540193892
4926952,27202.521594,0.6763490708
4927932,59203.030545,1.2709319518
4928612,55856.818145,1.1990976518
4928812,19638.989156,1.0155092542
4928972,27146.625886,0.9500026291
4929512,33671.960119,1.0450716384
4929892,45021.587644,1.3697906723
4930212,16022.20656,0.9096530013
4932572,35699.16041,1.2385630127
4932871,35168.084857,1.1204692067
4933271,31148.694594,0.86753724
4933471,33143.964581,1.056037259
4933621,44284.234092,1.2333814538
4933854,61039.784254,1.3973062595
4933871,16739.823782,1.2381872165
4934441,25066.51979,1.0481620198
4934491,31766.613052,0.749443434
4934951,37620.185038,0.7915591952
4935051,30133.250496,1.0508557001
4935871,50603.161056,1.0132913131
4936121,40955.649733,1.1090750796
4936621,49522.411003,1.0364092229
4936791,29483.07105,0.7973265585
4937371,31575.320745,0.9806539749
4937391,56794.367253,2.0761738404
4937671,57313.739099,1.4426660812
4938561,21510.35872,0.5083225045
4938791,21013.421055,0.86753724
4939601,41902.064726,0.9050031862
4940031,37501.519396,1.2709319518
4940081,62986.387942,1.7509905027
4940471,33354.679826,0.7869093802
4940601,31760.379585,0.7973265585
4942481,29218.11484,0.9350153909
4943341,53514.936894,1.454338707
4943761,38758.175363,1.0277468074
4944211,23077.2081,0.7973265585
4945901,30009.229942,0.7184648321
4946191,15898.939228,0.86753724
4946501,31922.550386,0.86753724
4946531,62213.109483,1.7848547546
4946601,30152.932456,0.9050031862
4948231,47477.836043,0.9647844749
4948571,42874.203533,0.9595207677
4949411,33218.575126,1.0740263201
4949751,33919.830766,0.816064572
4950221,53321.738423,1.2080190642
4950521,44780.499981,1.4478476401
4950741,29951.096832,0.7973265585
4950751,45359.74847,1.1960249099
4951881,31358.482765,0.8347925047
4952191,40683.700101,1.1741196297
4952301,48522.187654,1.0795126954
4952781,33451.343761,1.0987477809
4952851,50572.437557,1.6611097581
4953271,48884.303816,1.4002483422
4953591,78369.4136,1.7119793458
4953681,28174.572815,0.9016207705
4954011,23960.415708,0.5611389464
4954791,24802.632498,1.0081097541
4954884,23839.84022,1.2166814797
4955331,30489.970927,0.9901468646
4955771,65211.87722,1.42066026
4956231,26326.447986,0.9125366829
4956551,34289.421421,1.0899252581
4957391,58201.065898,1.8321553695
4958431,43505.427444,1.5080005654
4958691,64112.957689,1.6357473685
4958981,36599.293371,0.7973265585
4959581,35594.490655,0.9378990725
4960181,31436.183664,0.8020477694
4960721,58311.952633,1.2703433381
4960951,27124.321366,0.9586650447
4960991,25923.577264,0.8418554681
4961381,19207.152903,0.7869093802
4961401,35504.866174,1.0132913131
4962531,38367.399982,1.2459625128
4962551,34700.388699,1.5622510376
4962941,18584.184844,1.0450716384
4963241,64229.184755,1.409266133
4963541,60468.857422,1.2080190642
4964571,30227.875213,0.9827473645
4964661,62895.66366,1.6714728761
