NEWID,STATE,PSU,st_wgt,CALADJ45
04736174,12,,35292.583692,1.179949284
04737244,12,S35B,24105.925094,0.8065362816
04738114,12,,40127.895406,1.179949284
04738154,12,,34001.959838,1.1367994056
04738434,12,,19721.448949,1.1724190128
04739634,12,S35D,24293.642425,1.5723358243
04739724,12,,72122.718615,1.9471318516
04740994,12,S35B,43639.366017,1.5820922836
04741204,12,,51662.708203,1.9621587467
04741574,12,S35B,28067.973074,1.2826987329
04741874,12,S35B,36472.134794,1.1203858219
04742054,12,S35D,16873.803485,1.0053759874
04742254,12,,22013.936302,1.1724190128
04742444,12,,38205.87575,1.1443296768
04744054,12,S35B,46159.741703,1.4256166933
04745004,12,S35D,28359.212909,1.6897003516
04745054,12,,28790.92114,1.1367994056
04745124,12,S35D,13572.658435,0.8065362816
04746494,12,,31965.202119,0.9382461456
04747324,12,S35D,27896.485258,1.7385212849
04747434,12,,34701.637998,1.0483826428
04747744,12,,33105.826845,0.9381029227
04747894,12,,48002.111098,1.7911089444
04748004,12,S35B,36290.15066,1.1329612676
04749184,12,,72688.68114,2.0574115717
04749224,12,,31087.878735,1.0483826428
04749374,12,,26385.09474,0.8666516473
04749834,12,S35D,22639.553753,1.5054745764
04750324,12,,17589.215854,0.8650472285
04750504,12,,38036.095822,1.2826987329
04751184,12,S35D,16978.930566,1.1290570733
04751434,12,,59273.067516,1.8727106416
04751614,12,,35415.719989,1.0699560097
04752624,12,,60293.050623,1.7084934104
04753464,12,S35D,16579.70252,1.7554893372
04753634,12,,66284.013559,1.8186617863
04753884,12,,34875.950058,1.8727106416
04754144,12,S35D,12089.620867,1.1724190128
04754704,12,,36444.115758,1.0318634375
04755164,12,,35937.799231,1.1059154592
04755214,12,,18840.336932,0.9024833156
04755624,12,S35D,14109.487055,0.9382461456
04755644,12,S35B,26034.362542,1.1724190128
04756144,12,S35B,42254.055582,1.3740511582
04756394,12,S35B,30497.681687,1.0483826428
04757294,12,S35D,13573.83403,0.9026265385
04757364,12,S35B,21487.70316,1.5264969571
04757894,12,,13969.681167,0.9026265385
04759484,12,S35D,22482.328038,1.3802423458
04759654,12,,25744.313288,0.9677966775
04760964,12,S35D,20513.524853,1.2875720701
04761054,12,,40337.827634,1.1788967688
04761524,12,S35D,25737.110447,1.5963981279
04761684,12,S35B,40416.915585,1.2826987329
04761834,12,,40060.202292,1.2751684617
04761924,12,,26613.885352,1.2751684617
04762084,12,S35D,20770.813,1.2751684617
04762384,12,,42547.337474,1.2902290041
04764454,12,,25905.183454,0.8065362816
04764524,12,S35B,18928.025744,1.1443296768
04764804,12,S35D,20015.781873,1.2875720701
04766064,12,,48527.883462,1.5264969571
04766254,12,,31387.774661,1.179949284
04766514,12,,57143.782643,1.9281893412
04766524,12,,36169.389949,1.179949284
04766574,12,S35B,49290.396396,1.5804878648
04767894,12,,28916.48884,0.8065362816
04768014,12,S35B,19392.643315,1.1724190128
04768624,12,S35B,49290.396396,1.5804878648
04768634,12,S35B,33059.389019,1.0993633186
04769744,12,S35B,50286.284965,1.7653320178
04815884,12,S35B,46031.873688,1.4178216557
04816133,12,,42813.885415,1.2902290041
04816134,12,,37350.918566,1.1854054635
04816483,12,S35B,33665.949553,1.0637437114
04816484,12,S35B,14273.665357,0.7649379875
04816553,12,,35067.351363,1.1724190128
04816554,12,,15958.546829,0.8476017853
04817033,12,S35B,28562.29132,0.9024833156
04817034,12,S35B,29312.6544,1.0270488842
04817344,12,,71469.530253,2.2311610376
04817633,12,,61977.205117,1.8727106416
04817634,12,,72069.735474,2.3099668194
04817843,12,,28058.897415,0.9381029227
04817844,12,,16686.962595,0.9905909953
04817943,12,S35D,21458.955254,1.2751684617
04817944,12,S35D,17058.885983,1.0675620695
04819073,12,S35B,17207.088734,1.0427391827
04819074,12,S35B,27355.014898,0.8921001643
04819623,12,S35D,13428.557781,1.1084980085
04820043,12,,35829.192035,1.2751684617
04820044,12,,28482.56565,1.0675620695
04820063,12,S35B,43456.153385,1.5754501318
04820064,12,S35B,41863.307992,1.4937186164
04820123,12,,19780.5343,0.8065362816
04820124,12,,32534.787593,1.3535404895
04820163,12,,37248.60028,1.789630588
04820164,12,,43899.422932,1.661728296
04820393,12,S35D,31263.020259,2.1924862604
04821113,12,,21205.216832,1.0483826428
04821114,12,,18959.433658,1.3283946735
04821813,12,,16191.661457,1.1367994056
04821814,12,,14094.013088,0.8840596742
04822063,12,,35292.583692,1.179949284
04822064,12,,16263.369717,0.9654451793
04822263,12,,22013.936302,1.1724190128
04822264,12,,23300.135057,0.8476017853
04822774,12,S35B,29889.785667,0.974763962
04822783,12,S35B,29258.150473,1.2485324818
04822784,12,S35B,23189.866488,1.0096912906
04823383,12,,47232.865138,1.2751684617
04823384,12,,27898.825516,1.0675620695
04823823,12,S35B,24230.3469,1.0339811185
04823824,12,S35B,24984.948677,1.0878495177
04823864,12,S35B,27967.143124,0.8591213761
04824003,12,,36040.774693,1.2826987329
04824004,12,,16918.628696,1.1854054635
04824873,12,,62944.217452,2.2461715354
04824874,12,,50551.308719,1.9135226499
04825784,12,,75594.953555,2.3599499592
04826164,12,S35D,13214.490193,1.1129953337
04827583,12,S35D,30290.645878,2.0692305468
04827584,12,S35D,17202.795041,2.1177203986
04828864,12,,49001.112993,1.3512387072
04828903,12,,20295.702842,1.1724190128
04828904,12,,16739.662201,0.8476017853
04829193,12,S35B,37479.86585,1.2161207947
04829194,12,S35B,28980.456036,1.0154540487
04830203,12,S35D,30647.599655,2.0936149611
04831263,12,S35D,7647.6659728,0.8065362816
04831264,12,S35D,22300.233085,1.3535404895
04831334,12,S35B,39507.590083,1.3099125507
04832874,12,S35D,15712.461087,1.0650054841
04833023,12,,24975.585383,0.765204376
04833024,12,,42887.252591,1.2662988566
04833043,12,S35D,33709.974495,2.3028135233
04833044,12,S35D,23052.957733,2.3576644605
04833544,12,,24435.69895,0.988289213
04833853,12,S35B,35256.275684,1.1724190128
04833854,12,S35B,24280.448339,0.8476017853
04833863,12,,32528.991977,1.0127630357
04834523,12,S35B,31356.622239,1.0427391827
04834524,12,S35B,25555.151403,0.8921001643
04834754,12,S35B,25279.412124,1.0650054841
04834864,12,S35D,11348.217151,1.2321170204
04835603,12,,54572.771994,1.716645451
04835624,12,S35B,23882.089072,1.5198101826
04836193,12,,41367.498543,1.2875720701
04836194,12,,29707.52986,0.879435855
04836264,12,S35D,25210.820355,1.5070047508
04836304,12,,41981.021484,1.5029765505
04836423,12,S35B,30796.256251,1.0811221633
04836424,12,S35B,29598.088371,1.2209395359
04836723,12,,32773.329443,0.9382461456
04836724,12,,36494.74649,1.3512387072
04837823,12,,29598.966529,0.8650472285
04838743,12,,82266.22967,2.3292515891
04838744,12,,83666.246637,2.5673104881
04838884,12,S35D,12577.330503,0.7967720572
04839123,12,,42706.792351,1.2902290041
04839163,12,,37991.527605,1.1443296768
04839164,12,,32018.408381,1.0019030683
04839273,12,S35D,23551.823793,1.422339935
04839274,12,S35D,23717.869461,1.6261358272
04840214,12,S35B,40813.022369,1.2679053469
04840304,12,,33569.089169,1.0341931796
04841653,12,,37911.906462,1.1724190128
04841654,12,,26382.932829,0.8476017853
04842064,12,S35B,29316.105669,0.9214430588
04842123,12,S35B,18418.005135,0.8294276214
04842124,12,S35B,27724.132953,0.9079271975
04842343,12,,31415.314057,1.0427391827
04842344,12,,26895.165349,0.8921001643
04842394,12,,43038.338721,1.2685655197
04842603,12,S35B,32340.482544,1.0427391827
04842604,12,S35B,28382.548909,0.8921001643
04842884,12,,66607.318204,3.0899737617
04843113,12,,26708.635345,1.179949284
04843114,12,,30050.992999,0.9654451793
04843133,12,S35B,13184.411067,0.8294276214
04843134,12,S35B,26852.663104,0.9079271975
04843443,12,S35B,25014.666152,0.8065362816
04843444,12,S35B,43063.470539,1.3535404895
04843883,12,S35D,13458.429369,1.1724190128
04843884,12,S35D,13379.695851,0.8476017853
04844753,12,,25685.904912,0.9381029227
04844754,12,,26108.215857,0.9905909953
04845353,12,S35D,19176.175662,1.2751684617
04845354,12,S35D,16455.080634,1.0675620695
04845913,12,,19968.488683,1.2902290041
04845943,12,,57669.891414,1.7746780775
04845944,12,,63188.837812,1.8756912736
04846623,12,S35B,18716.175997,1.0244387879
04847763,12,,43603.01742,1.4256166933
04847764,12,,31070.073236,1.1716905687
04848423,12,,27291.896527,0.9967570926
04848424,12,,22907.954443,0.8691675262
04848543,12,S35D,18957.719862,1.2606416889
04849253,12,S35B,26874.843245,0.9238446213
04849254,12,S35B,33117.206723,1.1106935514
04849423,12,,20013.646969,1.3947870931
04849424,12,,52781.228214,1.6085823759
04849493,12,S35B,34874.243183,1.179949284
04849494,12,S35B,28553.80279,0.9654451793
04849703,12,,33105.826845,0.9381029227
04849704,12,,35860.414002,0.9905909953
04849723,12,S35D,21118.119576,1.3978517902
04849724,12,S35D,15943.576024,1.2172395332
04849823,12,S35D,19771.401386,1.2331594042
04849824,12,S35D,21740.991631,1.321886423
04850023,12,,42706.792351,1.2902290041
04850024,12,,44215.032566,1.3032488575
04850113,12,,23472.925188,1.0341931796
04850114,12,,35604.655951,1.0247471019
04896002,12,,28779.115885,1.2902290041
04896003,12,,41064.043864,1.3032488575
04896004,12,,35584.532722,1.1904736989
04896102,12,,37954.46166,1.1367994056
04896103,12,,30845.233698,0.8840596742
04896104,12,,30924.941573,0.8684694786
04896942,12,S35D,21745.233095,1.7443994634
04896943,12,S35D,29399.0694,1.8580749475
04896944,12,S35D,25828.973412,1.5545635997
04897043,12,S35D,24498.578444,1.5483549577
04897044,12,S35D,15757.430139,0.9483895054
04897622,12,S35D,14494.318969,0.9381029227
04897623,12,S35D,15700.440179,0.9905909953
04897624,12,S35D,17054.195739,1.0112779992
04897762,12,,63631.888359,1.8727106416
04897764,12,,56422.645523,1.6773942112
04897832,12,,35292.583692,1.179949284
04897833,12,,30176.941197,0.9654451793
04897834,12,,26303.806526,1.156575075
04898872,12,S35D,17465.256566,1.151414484
04898873,12,S35D,12173.916642,0.974763962
04898874,12,S35D,13140.337782,1.1393012847
04898892,12,S35B,36327.347242,1.1159380997
04898893,12,S35B,42823.647731,1.3853948138
04898894,12,S35B,35437.721854,1.2085053985
04899122,12,S35B,30176.361736,1.287715293
04899123,12,S35B,20505.639375,1.2400835669
04899124,12,S35B,39566.565471,1.3493081798
04899912,12,,39948.140512,1.1725622357
04899914,12,,35216.174606,1.1475137344
04899933,12,,14649.595783,1.0270488842
04900913,12,S35B,34031.930858,1.0650054841
04901182,12,,39539.801403,1.2875720701
04901183,12,,28222.44207,0.879435855
04901184,12,,40209.139897,1.2276837787
04901312,12,S35D,12461.526174,0.8065362816
04902034,12,,26898.362584,0.8998795474
04902073,12,S35B,25987.343332,0.8476017853
04902272,12,,28716.80786,1.8513280405
04902273,12,,44452.45441,1.8659260446
04902274,12,,48260.818551,1.300164438
04903182,12,,62421.58773,1.8370910345
04903183,12,,75161.706778,2.3464247083
04903184,12,,63041.95895,1.8741804115
04903212,12,S35B,14451.396611,0.6604248932
04903213,12,S35B,37222.450985,1.2161357135
04903214,12,S35B,23370.287364,0.727131289
04903242,12,S35D,23578.996514,1.8915037004
04903243,12,S35D,30125.301438,1.9039741403
04903702,12,S35B,31212.809081,1.0637437114
04903703,12,S35B,18480.327222,0.7649379875
04903704,12,S35B,26386.121612,0.8431490984
04903772,12,,35664.781734,1.4324188822
04904282,12,S35D,27048.976797,1.6073476889
04904283,12,S35D,11740.616059,1.3734760532
04904613,12,,47444.392595,1.3489369248
04905953,12,,28326.32752,0.8827813815
04905954,12,,33248.009249,0.97383484
04906022,12,,34753.097331,0.9382461456
04906023,12,,47525.350171,1.3512387072
04906024,12,,37800.090969,1.1329024003
04906102,12,,41274.096868,1.9830379045
04906103,12,,49233.096574,1.8636242623
04906104,12,,42532.636253,1.5331872909
04906972,12,,42670.076029,1.3073298745
04907052,12,S35D,23326.122023,1.4698549692
04907322,12,S35B,16487.070371,0.9967570926
04907323,12,S35B,24898.221766,0.8691675262
04907324,12,S35B,39268.752569,1.218980472
04907703,12,,37530.820325,1.5299630621
04907892,12,,34323.749489,1.0408523717
04907893,12,,40377.646023,1.2105512795
04907894,12,,30831.653925,0.9144908815
04908782,12,S35D,20770.813,1.2751684617
04908783,12,S35D,17588.600538,1.0675620695
04908784,12,S35D,15472.528246,0.9291022156
04909812,12,S35D,20315.91127,1.2751684617
04909813,12,S35D,13204.319963,0.8476017853
04909814,12,S35D,12269.45338,1.0258893333
04910182,12,,34365.976272,1.0699560097
04910184,12,,44854.038704,1.3659252532
04910792,12,,31369.673704,0.9967570926
04910793,12,,26057.66022,0.8691675262
04910794,12,,41097.385239,1.218980472
04911112,12,S35D,21016.129379,1.2902290041
04911113,12,S35D,21471.654167,1.3032488575
04911114,12,S35D,19825.200741,1.1904736989
04911803,12,,43075.197851,1.2718481714
04911804,12,,37462.795546,1.1111757094
04911952,12,S35D,14696.809139,0.9022712544
04911953,12,S35D,10040.664543,1.0901513
04911954,12,S35D,16562.208086,0.9945358627
04912384,12,S35D,18589.726686,1.1162853269
04912424,12,,31325.795269,0.8737364545
04912872,12,S35D,17428.172718,1.0699560097
04912873,12,S35D,22224.387135,1.3489369248
04912932,12,,40116.180911,1.1724190128
04912933,12,,67593.598101,1.8356821816
04912934,12,,69701.854513,1.9015634812
04913072,12,,30430.725415,1.1724190128
04913073,12,,20957.166974,0.8476017853
04913074,12,,28525.071607,1.0258893333
04913252,12,,15080.152786,0.8065362816
04913253,12,,43973.013895,1.3535404895
04913344,12,S35B,63222.831628,1.9625629055
04913723,12,,26930.134506,1.3283946735
04913724,12,,38310.973916,1.0451766231
04914242,12,,35938.561965,1.1724190128
04914243,12,,24750.328283,0.8476017853
04914244,12,,33687.992629,1.0258893333
04914773,12,S35B,30011.653408,1.8159266212
04914774,12,S35B,54807.788211,1.6987627597
04914942,12,,38164.434566,1.1692856
04915812,12,,41802.311925,1.5529350229
04915813,12,,26570.61252,1.8159266212
04915814,12,,44314.925313,1.5937631923
04915832,12,S35D,23854.03947,1.4795967104
04915833,12,S35D,13709.199186,1.5643619942
04915834,12,S35D,21286.245191,1.2782072363
04916012,12,,36500.061566,1.0408523717
04916013,12,,39310.745368,1.2105512795
04916014,12,,28124.735941,0.9144908815
04916412,12,,15080.152786,0.8065362816
04916413,12,,24582.370667,1.3535404895
04916414,12,,29550.103091,0.8998795474
04916482,12,S35B,35256.275684,1.1724190128
04916483,12,S35B,24280.448339,0.8476017853
04916484,12,S35B,33048.432949,1.0258893333
04916893,12,,37111.296103,1.1423288386
04916894,12,,42358.797281,1.2899384888
04917302,12,S35D,21724.171963,1.3336973831
04917342,12,S35B,42832.557491,1.359363188
04917343,12,S35B,28460.057679,0.8929868355
04918842,12,S35D,9403.3117226,1.1443296768
04918843,12,S35D,15318.261362,1.0019030683
04918844,12,S35D,16849.757151,0.9991552202
04918943,12,,25930.777854,1.1157948769
04918944,12,,32316.214227,1.011221851
04919473,12,S35D,15962.496822,1.011221851
04919474,12,S35D,16558.451892,0.98188143
04919522,12,S35D,7476.0786933,0.8065362816
04919523,12,S35D,20863.065983,1.3535404895
04919524,12,S35D,15175.571854,0.8998795474
04919672,12,S35D,18188.754659,1.9258587313
04920124,12,S35B,34088.357817,1.0449435438
04920553,12,S35B,32592.270002,1.1203858219
04920554,12,S35B,38130.874021,1.2788432381
04921082,12,S35D,9403.3117226,1.1443296768
04921083,12,S35D,15318.261362,1.0019030683
04921084,12,S35D,16849.757151,0.9991552202
04921102,12,,38184.85278,1.287715293
04921103,12,,37690.739892,1.2400835669
04921104,12,,44869.235301,1.3493081798
04921642,12,,32017.722773,1.2751684617
04921643,12,,27474.415088,1.0675620695
04921644,12,,26160.89637,0.9291022156
04921832,12,S35B,57483.84932,1.8513280405
04921903,12,,30963.938506,1.1676880979
04921904,12,,40125.314722,1.1752712516
04922013,12,,34058.244547,1.0914295927
04922232,12,S35B,40570.496955,1.3946438702
04922282,12,,37800.391929,1.5054745764
04922372,12,,96702.462325,1.4905909041
04922482,12,,40117.862729,1.1367994056
04922554,12,S35B,48136.734817,1.4755820898
04923642,12,,20297.102587,1.1788967688
04924044,12,,38982.810511,1.1722915432
04924284,12,,29530.966232,1.8727106416
04925192,12,S35D,19349.924817,1.179949284
04925193,12,S35D,15239.895767,0.9654451793
04925194,12,S35D,19504.486136,1.156575075
04925432,12,,67087.819197,2.0644963789
04925433,12,,50177.072272,1.4894512995
04925552,12,,26538.184573,1.1724190128
04925553,12,,26382.932829,0.8476017853
04925554,12,,34114.422916,1.0258893333
04925562,12,,44983.926744,1.359024263
04925563,12,,31535.431373,1.284392553
04925564,12,,34798.670908,0.9374891633
04925722,12,,33861.184519,0.9381029227
04925723,12,,34417.908095,0.9905909953
04925724,12,,37537.639546,1.0112779992
04926172,12,,13195.381641,0.690118648
04926173,12,,23173.219495,1.2161357135
04926174,12,,24825.223774,0.727131289
04926612,12,,25902.370948,1.1443296768
04926613,12,,31185.801882,1.0019030683
04926614,12,,33225.419775,0.9991552202
04927122,12,,33992.082511,1.8252501951
04927123,12,,53328.800284,1.6252704071
04927124,12,,58876.279503,1.7705281803
04928422,12,S35D,13544.870839,1.179949284
04928423,12,S35D,15239.895767,0.9654451793
04928424,12,S35D,19504.486136,1.156575075
04928432,12,,19074.675066,0.9381029227
04928433,12,,30833.695897,0.9905909953
04928434,12,,33628.544747,1.0112779992
04928872,12,S35D,11441.971498,0.9967570926
04929044,12,S35D,36516.503514,2.2749889537
04929152,12,S35B,37397.647773,1.1788967688
04929153,12,S35B,24329.940229,0.7967720572
04929412,12,,42706.792351,1.2902290041
04929413,12,,44215.032566,1.3032488575
04929414,12,,44189.206759,1.1904736989
04929622,12,S35D,13458.429369,1.1724190128
04929623,12,S35D,13379.695851,0.8476017853
04929624,12,S35D,17300.601328,1.0258893333
04929774,12,S35B,50281.997317,1.541342905
04930352,12,S35D,19402.65837,1.2902290041
04930741,12,S35B,36125.747109,1.1068935898
04930742,12,S35B,24909.071042,0.8463234926
04930743,12,S35B,36177.253113,1.1312546948
04930744,12,S35B,32492.713232,0.9844542463
04931011,12,S35B,46753.378288,1.4349136618
04931112,12,S35B,38948.419756,1.2218633524
04931113,12,S35B,27287.141181,0.9023681025
04931114,12,S35B,18387.474879,0.8993743803
04931491,12,S35B,28446.913545,1.2606416889
04931492,12,S35B,36463.065826,1.1438945182
04931632,12,,28145.862181,1.4688041602
04931633,12,,42738.181279,1.5937631923
04931634,12,,43198.62067,1.6224610645
04931821,12,S35D,15294.265665,1.2902290041
04931901,12,S35D,17618.718139,1.0699560097
04931902,12,S35D,15671.699173,1.3489369248
04931903,12,S35D,20260.909663,1.3659252532
04933494,12,S35B,32478.930704,1.1068935898
04933541,12,S35B,75306.174257,2.3112310216
04933542,12,S35B,52142.567606,2.0510538184
04933543,12,S35B,66229.185321,1.9779026621
04933544,12,S35B,31635.431175,0.9584805778
04934241,12,,44752.322013,1.3947870931
04934242,12,,48656.048672,1.6085823759
04934243,12,,38640.778717,1.2165334192
04934244,12,,53090.38863,1.6834131908
04934431,12,,37283.775956,1.0408523717
04934432,12,,22026.359715,1.2105512795
04934743,12,S35B,30272.949504,0.8998795474
04934744,12,S35B,37395.449339,1.1115996484
04934821,12,,37553.513482,1.0483826428
04934822,12,,45182.930931,1.3283946735
04934823,12,,33540.932493,0.9483895054
04935111,12,S35D,20841.799356,1.7086366333
04935221,12,,25303.618358,0.7709166745
04935223,12,,21252.710533,0.6456725749
04935224,12,,28649.145961,0.8830061936
04935431,12,,59765.988574,2.1924862604
04935432,12,,34768.792474,2.8040070175
04935433,12,,79242.1067,2.4694373402
04935434,12,,66765.720319,2.1108121894
04935691,12,,28886.851977,1.179949284
04935692,12,,24699.717116,0.9654451793
04935693,12,,22356.513195,1.156575075
04935694,12,,29710.949931,1.1255360562
04936381,12,,34588.647577,1.0712739826
04936382,12,,16052.733403,0.8827813815
04936383,12,,24826.282804,0.97383484
04936384,12,,26208.625683,0.7528196977
04936611,12,,33727.488956,1.0483826428
04936921,12,S35D,18582.258387,1.251952463
04937481,12,S35D,17401.773372,1.1724190128
04937482,12,S35D,7085.4154986,0.8476017853
04937483,12,S35D,16240.01775,1.0258893333
04937484,12,S35D,21720.276565,1.3571706048
04937771,12,,19119.880098,1.1724190128
04937772,12,,15471.75883,0.8476017853
04937773,12,,31727.971063,1.0258893333
04937774,12,,42434.701548,1.3571706048
04938051,12,,48526.000368,1.3547019119
04938052,12,,28705.778813,1.1358540281
04939593,12,,35056.086841,1.0836430495
04939631,12,S35B,36372.491342,1.1800925069
04939634,12,S35B,50708.141008,1.5073264986
04939771,12,,30237.240217,1.0427391827
04939772,12,,14569.440719,0.8921001643
04939773,12,,29583.83553,0.9565610498
04939774,12,,30987.488526,0.9910593691
04940143,12,S35D,15331.743825,0.9291022156
04940301,12,S35B,27075.381895,0.8065362816
04940302,12,S35B,43145.792887,1.3535404895
04940303,12,S35B,27211.888571,0.8998795474
04940304,12,S35B,41455.968613,1.3213931376
04940532,12,S35D,10358.338427,0.8476017853
04940533,12,S35D,11578.060927,1.0258893333
04940661,12,,30288.900797,0.9381029227
04941001,12,S35D,18402.088718,1.2171733099
04941002,12,S35D,18364.671885,1.1841271708
04941741,12,,26995.790785,1.7996549474
04941742,12,,77578.65797,2.1908451326
04942021,12,S35B,35476.094681,1.1724190128
04942022,12,S35B,21117.008418,0.8476017853
04942101,12,S35B,32371.344459,1.0698127868
04942102,12,S35B,24622.071345,0.988289213
04942651,12,,16425.950595,0.9024833156
04942841,12,S35D,15731.497138,1.0341931796
04942842,12,S35D,14848.970459,1.0247471019
04943141,12,,66111.083491,2.1450258139
04943142,12,,35505.253437,2.1193106053
04943143,12,,70305.915742,2.2083652542
04943144,12,,52748.401261,2.3705838804
04943472,12,,24168.645362,1.011221851
04943473,12,,26390.670741,0.98188143
04943474,12,,29435.216512,1.134572958
04943621,12,S35B,32874.366832,1.1191212455
04943622,12,S35B,43569.014432,1.5246271905
04943623,12,S35B,27849.066914,1.0761768504
04943624,12,S35B,31020.377861,0.9545520221
04943671,12,S35B,33609.141062,1.0343364025
04943672,12,S35B,45532.487739,1.3853948138
04943881,12,,33919.256709,1.2902290041
04943882,12,,19372.988777,1.3032488575
04943883,12,,31997.141868,1.1904736989
04943884,12,,24449.90198,0.9018061592
04944061,12,S35B,50715.390426,1.5769267693
04944321,12,,36093.380714,1.2145163759
04944322,12,,14179.190305,0.7603141683
04944323,12,,38278.658672,1.2023633985
04944324,12,,45316.724409,1.4746675444
04944912,12,S35D,32051.907903,1.9580066192
04945081,12,S35D,16972.770908,1.1157948769
04945082,12,S35D,14652.984492,1.011221851
04945083,12,S35D,16000.15571,0.98188143
04945084,12,S35D,17846.00521,1.134572958
04945141,12,,32652.756553,1.2548958427
04945142,12,,55647.338638,2.0610021702
04945143,12,,34304.022742,1.2763026463
04945144,12,,38755.206435,1.4288889376
04945341,12,S35D,14954.437984,0.9382461456
04945342,12,S35D,21783.998695,1.3512387072
04945343,12,S35D,18461.103607,1.1329024003
04945372,12,S35B,25001.055126,0.8463234926
04945373,12,S35B,37580.958637,1.1312546948
04945374,12,S35B,31567.952959,0.9844542463
04945561,12,,51686.350561,1.490734127
04945562,12,,54818.013903,1.5394344394
04945563,12,,44456.431726,1.2541430351
04945564,12,,51310.958366,1.4344400319
04945931,12,,31757.367145,1.0198478429
04945932,12,,37729.290829,1.3377134562
04945933,12,,27715.453333,1.0279028329
04945934,12,,42736.055189,1.3498393198
04945991,12,,51188.792775,1.9471318516
04945992,12,,17522.840639,1.1787867275
04945993,12,,30439.445605,1.132518634
04945994,12,,28605.522126,1.0550813685
04946471,12,S35D,21663.184595,1.3895884055
04946473,12,S35D,22998.649502,1.6821379261
04946474,12,S35D,32048.595811,1.977663737
04946521,12,S35D,20444.569628,1.2826987329
04946522,12,S35D,19110.517582,1.1854054635
04946571,12,S35B,18880.658267,1.1068935898
04946572,12,S35B,25001.055126,0.8463234926
04946573,12,S35B,37580.958637,1.1312546948
04947054,12,,32245.808552,0.9018061592
04947084,12,S35D,18225.685201,1.1724190128
04947331,12,S35D,33277.153515,2.1094062067
04947332,12,S35D,35289.203091,2.1557684942
04947422,12,S35D,13989.663323,0.9654451793
04947423,12,S35D,18846.859432,1.156575075
04947424,12,S35D,17742.111445,1.1279678351
04947951,12,S35D,13728.009406,0.9024833156
04948481,12,,37689.849451,1.0870480158
04948482,12,,25370.630853,1.3600870136
04948483,12,,43313.726895,1.2219066354
04948484,12,,26356.49725,0.7368175524
04948491,12,,44734.488464,1.2902290041
04948662,12,,34091.845999,1.2820907707
04948663,12,,31460.61864,1.1705120163
04948664,12,,39804.613991,1.468146829
04948721,12,S35B,34889.331265,1.0848367719
04949031,12,S35B,15255.926303,0.8065362816
04949032,12,S35B,44485.561176,1.3535404895
04949033,12,S35B,29894.537635,0.8998795474
04949034,12,S35B,44280.452473,1.3213931376
04949762,12,,32190.401998,1.3099125507
04949811,12,,39719.896921,1.5264969571
04950011,12,,29862.759456,0.9024833156
04950791,12,,31693.820167,0.9382461456
04950792,12,,35292.658755,1.3512387072
04951191,12,,40014.908459,1.179949284
04951192,12,,24219.190547,0.9654451793
04951193,12,,29443.421178,1.156575075
04951194,12,,22830.097399,1.1279678351
04952074,12,,32694.665937,0.9886647723
04952531,12,S35B,33807.684063,1.0637437114
04953062,12,,51715.03105,2.0051164083
04953063,12,,51741.078374,1.459647357
04953081,12,S35D,23407.384209,1.5073616135
04953082,12,S35D,23171.671101,1.5188130296
04953084,12,S35D,22372.526332,1.3557729649
04953243,12,S35D,16717.282324,1.0258893333
04953692,12,S35B,25461.18542,0.7649379875
04953721,12,,29968.836481,0.9382461456
04953722,12,,39092.33472,1.3512387072
04954081,12,S35B,32421.683255,1.0637437114
04954082,12,S35B,23330.264829,0.7649379875
04954171,12,S35D,10766.832378,1.3337679403
04954172,12,S35D,23749.337178,1.458561561
04954174,12,S35D,19668.682692,1.1919202978
04954321,12,,27525.288816,0.8065362816
04954322,12,,47385.579997,1.3535404895
04954323,12,,32302.401257,0.8998795474
04954324,12,,47433.205338,1.3213931376
04954771,12,S35B,44231.383018,1.3947870931
04955483,12,S35B,44458.101545,1.3215407468
04955841,12,,17790.665167,0.9024833156
04955842,12,,30993.360574,1.0270488842
04955843,12,,27527.678336,0.8538581445
04956362,12,,31620.421804,1.0461491795
04956492,12,,40151.443713,1.3283946735
04956493,12,,34563.485518,1.0451766231
04956494,12,,36760.062844,1.1115996484
04956533,12,S35B,57170.362577,1.6994194766
04956534,12,S35B,54988.378065,1.6361950198
04956704,12,,20310.113187,0.6147789814
04956731,12,,31315.174085,1.2902290041
04956732,12,,32421.106006,1.3032488575
04956733,12,,32402.16898,1.1904736989
04956951,12,,25898.99502,1.179949284
04957341,12,,29923.111302,1.0408523717
04957342,12,,25814.971344,1.2105512795
04957343,12,,29482.427484,0.9144908815
04957344,12,,43226.357815,1.3408024181
04957871,12,,18571.279098,1.3947870931
04957942,12,S35D,21510.505566,1.4847285804
04958061,12,S35D,30846.885242,1.9830379045
04958261,12,,36875.870195,1.2826987329
04958262,12,,34929.87085,1.1854054635
04958263,12,,34166.684688,1.0597879572
04958264,12,,36462.789738,1.1310089288
04958453,12,,40653.297938,1.132518634
04958454,12,,39079.249552,1.0897585891
04958662,12,S35B,34247.737856,1.0438473972
04958663,12,S35B,37673.71542,1.1198712559
04958664,12,S35B,39734.179606,1.1811196512
04958721,12,,30287.30948,1.1443296768
04959221,12,S35D,9188.060908,1.290372227
04959222,12,S35D,15324.220021,1.6638965694
04959223,12,S35D,23031.869842,1.3957291188
04959224,12,S35D,20585.148288,1.2474580256
04959691,12,S35B,38353.805773,1.1724190128
04959692,12,S35B,26690.450992,0.8476017853
04959693,12,S35B,34512.058947,1.0258893333
04960202,12,S35B,58273.333805,1.7761309689
04960644,12,S35B,20986.30449,1.4908773499
04961052,12,S35D,15619.538504,1.011221851
04961054,12,S35D,18722.355464,1.134572958
04962021,12,,33233.607435,1.156005429
04962022,12,,36608.874457,1.2423853492
04962023,12,,35988.113023,1.1162853269
04962024,12,,51641.120757,1.6018129466
04962491,12,S35D,10537.301105,0.9381029227
04962492,12,S35D,15300.870108,0.9905909953
04962493,12,S35D,16687.78199,1.0112779992
04962494,12,S35D,22075.304074,1.3377613244
04963092,12,,56660.797416,1.7364255474
04963401,12,S35D,9763.0368047,0.6604248932
04963404,12,S35D,17051.703267,1.0343659599
04963671,12,S35D,23128.060959,1.5717280817
04963672,12,S35D,21265.373737,1.4099339421
04963674,12,S35D,26909.648682,1.6307221472
04964321,12,S35B,57351.075721,1.7911089444
04964323,12,S35B,71877.596355,2.1365998337
04964611,12,S35D,8728.4478635,0.8650472285
04964612,12,S35D,13072.484901,0.8463234926
05011361,12,S35D,18534.967566,1.1854054635
05011362,12,S35D,15719.943689,1.0597879572
05011363,12,S35D,17405.189514,1.1310089288
05011364,12,S35D,18912.782283,1.1956878634
05011511,12,,19371.350275,1.1854054635
05011512,12,,30711.907225,1.0597879572
05011513,12,,22159.559256,1.1310089288
05011514,12,,36949.726178,1.1956878634
05011601,12,,32920.143079,1.0798347572
05011791,12,S35B,51824.672442,1.6419371872
05012091,12,S35D,18680.675799,1.1947242462
05012092,12,S35D,15463.719783,1.042514167
05012093,12,S35D,13731.614075,1.3692486003
05012094,12,S35D,20194.628342,1.2767276465
05012211,12,S35D,10095.645153,1.2069712045
05012214,12,S35D,16510.298791,1.0438000919
05012251,12,,38121.725985,1.247934664
05012252,12,,31729.690787,1.0949090181
05012253,12,,39207.059821,1.3040545273
05012254,12,,32904.726056,1.064792237
05012541,12,,40836.832123,1.3032488575
05012542,12,,35387.639701,1.1904736989
05012543,12,,27811.582808,0.9018061592
05012544,12,,34242.559518,1.0802613329
05013431,12,S35D,11843.163534,0.8921001643
05013432,12,S35D,15005.331344,0.9565610498
05013433,12,S35D,16045.299048,0.9910593691
05013434,12,S35D,11532.387906,0.703651854
05014201,12,,29100.404025,1.2820907707
05014202,12,,33920.61233,1.1705120163
05014212,12,S35D,20260.909663,1.3659252532
05014213,12,S35D,32514.773927,2.1128468381
05015232,12,S35D,13516.732236,0.8538581445
05015491,12,,32575.277809,0.9654451793
05015492,12,,39827.42074,1.156575075
05015493,12,,39269.01337,1.1279678351
05015494,12,,20122.254871,1.0048743853
05016051,12,,45182.930931,1.3283946735
05016052,12,,33724.386769,1.0451766231
05016053,12,,37212.041071,1.1115996484
05016054,12,,39182.640405,1.1387639978
05016102,12,,27283.810942,1.0449435438
05016104,12,,20722.161229,0.8110352263
05016721,12,S35D,8280.7149686,0.9905909953
05016722,12,S35D,16008.717631,1.0112779992
05016723,12,S35D,21409.648751,1.3377613244
05016724,12,S35D,16472.381603,1.0633770502
05016862,12,,54133.273961,2.0187012395
05016863,12,,41124.367056,1.5445558982
05016864,12,,47984.991613,1.8839290151
05017163,12,S35B,42779.212468,1.3635710292
05017164,12,S35B,29076.462957,0.9016991829
05017183,12,S35B,13167.179306,0.7967720572
05018131,12,,17445.60779,1.0675620695
05018132,12,,26924.726642,0.9291022156
05018133,12,,40895.453613,1.3602116985
05018134,12,,40516.692796,1.3111143938
05018191,12,,33423.727787,0.9905909953
05018192,12,,34824.020707,1.0112779992
05018193,12,,46572.75296,1.3377613244
05018194,12,,35832.636397,1.0633770502
05018221,12,S35B,24401.072977,0.829318696
05018223,12,S35B,35421.328122,1.0731845207
05018224,12,S35B,32795.358019,0.9815415166
05018481,12,,20133.012674,0.9905909953
05018861,12,S35B,30191.974075,0.94716209
05018862,12,S35B,30516.08535,1.0091471968
05018863,12,S35B,17254.987007,0.8439817511
05018864,12,S35B,27929.00425,0.8661149861
05019061,12,,30722.142308,1.3535404895
05019062,12,,26077.874337,0.8998795474
05019063,12,,39728.353921,1.3213931376
05019064,12,,36998.514998,1.1972666626
05019091,12,S35D,19335.478101,1.3397067465
05019092,12,S35D,13394.256834,0.8538581445
05019093,12,S35D,17908.245919,1.1061267758
05019094,12,S35D,14000.770138,0.8542608821
05019311,12,,26131.61691,2.1074426802
05019312,12,,24748.561746,1.5118187424
05019313,12,,28185.930585,1.644445779
05019314,12,,25146.736232,1.2938718741
05019751,12,,29123.814657,0.9294447244
05019753,12,,42052.350394,1.3635710292
05019754,12,,28582.424453,0.9016991829
05020281,12,,29256.445554,0.9654451793
05020284,12,,30411.419276,1.0048743853
05020291,12,S35D,12105.775318,0.9905909953
05020292,12,S35D,11851.534402,1.0112779992
05020293,12,S35D,14504.323827,1.3377613244
05020294,12,S35D,16472.381603,1.0633770502
05020531,12,,33805.410691,1.0019030683
05020532,12,,24529.610155,0.9991552202
05020533,12,,31204.90028,0.8963332866
05020534,12,,26814.679568,0.7957582173
05020883,12,,33540.612496,1.3213931376
05020884,12,,31235.949442,1.1972666626
05021042,12,S35D,19697.51246,1.2443008521
05021131,12,S35B,17074.243223,1.0019030683
05021132,12,S35B,32244.915557,0.9991552202
05021133,12,S35B,29244.40084,0.8963332866
05021134,12,S35B,25130.003001,0.7957582173
05021232,12,,27283.810942,1.0449435438
05021331,12,,41645.674841,1.6308197219
05021332,12,,46905.067282,1.7491518715
05021333,12,,55189.737846,2.0728254612
05022431,12,,53631.873768,2.2488111026
05022432,12,,63564.134007,1.9544072914
05022434,12,,47362.616675,1.5493222693
05022532,12,S35B,34579.795313,1.0279028329
05022533,12,S35B,45410.097036,1.3498393198
05022534,12,S35B,39507.771439,1.219803781
05023061,12,S35B,28170.125843,0.8463234926
05023324,12,,28925.673297,0.9905909953
05023583,12,S35D,22445.772876,1.3602116985
05023584,12,S35D,17503.188311,1.3111143938
05023953,12,,44806.807126,1.3602116985
05023954,12,,39655.819758,1.3111143938
05024834,12,S35D,49148.933693,3.7294807464
05024931,12,,35292.658755,1.3512387072
05024932,12,,40219.735939,1.1329024003
05024933,12,,61638.359284,1.7171199878
05024934,12,,44693.171454,1.2670891954
05025251,12,S35B,30860.146534,1.0485664111
05025252,12,S35B,32052.530014,1.1499508714
05025253,12,S35B,49789.353808,1.5070846181
05025254,12,S35B,30707.225611,1.0664856215
05025391,12,,34654.456896,1.3032488575
05025422,12,,32740.480437,1.0025824527
05025423,12,,39737.641146,1.206325731
05026273,12,S35B,33340.340186,0.9910593691
05026274,12,S35B,14146.007174,0.7120115619
05026411,12,S35B,33363.523711,1.1336261894
05026951,12,,42631.692803,1.3535404895
05027071,12,,23675.55887,0.9905909953
05027072,12,,27180.781599,1.0112779992
05027074,12,,26376.971237,1.0633770502
05027381,12,,38045.841065,1.3489369248
05027382,12,,36485.765919,1.3659252532
05027383,12,,66892.953666,2.1128468381
05027384,12,,36889.418786,1.3369117281
05027551,12,,38706.275957,1.5007356168
05027552,12,,50618.171121,1.427969459
05027554,12,,21156.020548,0.9780100979
05027661,12,S35B,51326.189291,2.1234492874
05027662,12,S35B,71488.722302,2.1519395902
05027663,12,S35B,43762.14911,1.3054221676
05027664,12,S35B,40221.245726,1.4970885536
05027701,12,,39689.200627,1.3718695629
05027702,12,,41894.375297,1.2707678688
05027911,12,,58929.92285,2.3980143385
05027913,12,,67694.119636,2.1190732721
05028241,12,S35B,57321.201167,1.842977123
05028242,12,S35B,56792.875835,1.7069752094
05028244,12,S35B,57377.163181,2.1244004551
05028284,12,S35D,14699.938283,0.9739775592
05028501,12,,25027.474448,0.8840596742
05028961,12,,27331.474628,0.9654451793
05029081,12,S35D,13766.002258,1.6053348434
05029082,12,S35D,16375.038757,1.004886875
05029083,12,S35D,26070.927166,1.5854447599
05029084,12,S35D,22079.379322,1.4527170578
05030011,12,S35D,8438.8667159,0.8840596742
05030181,12,,17770.996708,1.1073026101
05030182,12,,26269.466275,0.8173456213
05030183,12,,33553.355681,1.0773950468
05030184,12,,23100.906882,0.8113510551
05030434,12,,19738.710372,0.7957582173
05030531,12,,47306.360368,1.3489369248
05030532,12,,48418.849415,1.3659252532
05030534,12,,43892.63584,1.3369117281
05030701,12,,23675.55887,0.9905909953
05030702,12,,27180.781599,1.0112779992
05030703,12,,34706.709645,1.3377613244
05030704,12,,26376.971237,1.0633770502
05030961,12,,29174.605722,1.0971683005
05030963,12,,39544.124901,1.4585389923
05031261,12,S35B,43533.318107,1.3996725073
05031953,12,S35B,33036.328753,0.9820224673
05031954,12,S35B,23788.514895,0.7463983091
05032111,12,,31303.774843,1.1772398835
05032112,12,,38598.568993,1.4360839287
05032113,12,,28357.58646,1.0459365502
05032114,12,,24617.29049,0.9888888283
05032302,12,,32934.49635,0.9291022156
05032321,12,S35D,17210.704966,1.0675620695
05032322,12,S35D,15140.097027,0.9291022156
05032323,12,S35D,22358.579681,1.3602116985
05032823,12,S35B,16761.684532,0.5
05033683,12,S35D,15141.203418,0.9626131869
05034071,12,S35B,23771.691018,0.7649379875
05034072,12,S35B,20115.866816,0.8431490984
05034073,12,S35B,20230.032974,0.6123472025
05034074,12,S35B,18916.908515,0.6569988181
05034084,12,,24880.706048,0.9994703625
05034251,12,,62573.525424,1.9670169098
05034252,12,,39365.170876,1.2210354739
05034253,12,,40429.955711,1.2540631485
05034254,12,,19388.694469,1.1573122801
05035113,12,S35B,52885.204218,1.5720408621
05035114,12,S35B,36954.544505,1.1124851577
05035401,12,,39884.238722,1.3535404895
05035402,12,,29011.370192,0.8998795474
05035403,12,,42600.618713,1.3213931376
05035404,12,,37531.476514,1.1972666626
05035671,12,,29134.339189,0.9654451793
05035672,12,,37287.021083,1.156575075
05035673,12,,36364.747399,1.1279678351
05035674,12,,31522.862141,1.0048743853
05035751,12,S35D,16101.539027,1.0675620695
05035752,12,S35D,15331.743825,0.9291022156
05035753,12,S35D,22445.772876,1.3602116985
05035754,12,S35D,21037.277916,1.3111143938
05036241,12,S35D,15300.870108,0.9905909953
05036242,12,S35D,16687.78199,1.0112779992
05036244,12,S35D,17074.395959,1.0633770502
05036361,12,,42758.649019,1.3032488575
05036362,12,,42733.673879,1.1904736989
05036363,12,,32371.55961,0.9018061592
05036364,12,,37705.105319,1.0802613329
05036403,12,S35D,22075.304074,1.3377613244
05036404,12,S35D,17074.395959,1.0633770502
05036691,12,,30663.089765,0.9905909953
05036692,12,,33442.474417,1.0112779992
05036693,12,,44239.120104,1.3377613244
05036694,12,,34217.252502,1.0633770502
05037271,12,,32421.106006,1.3032488575
05037272,12,,32402.16898,1.1904736989
05037273,12,,24545.250839,0.9018061592
05037471,12,S35B,67500.623802,2.0334746376
05037472,12,S35B,56920.093974,1.691980109
05037473,12,S35B,56470.496828,1.6786155944
05037474,12,S35B,26634.97788,1.5235890375
05038451,12,,32439.319777,0.9654451793
05038452,12,,41516.836631,1.156575075
05039004,12,S35B,26641.371648,1.5239547774
05039501,12,S35D,31589.186736,1.9628443584
05039502,12,S35D,33250.471938,2.0149754326
05039503,12,S35D,26017.801155,1.576676272
05039504,12,S35D,18614.286801,1.6840046043
05039853,12,S35D,22395.589733,1.3571706048
05040181,12,,31013.24751,1.0019030683
05040184,12,,30617.523304,0.9521849481
05040761,12,,29837.112329,1.2765414558
05040774,12,,53421.962187,1.458561561
05040961,12,S35D,14147.081162,0.915893744
05041043,12,S35B,45656.729622,1.3571706048
05041044,12,S35B,36672.038621,1.1203009158
05041801,12,S35D,14458.630876,1.569911309
05041921,12,,63181.645083,2.2321921636
05042253,12,,57451.830568,2.1108121894
05042461,12,S35D,21265.373737,1.4099339421
05042462,12,S35D,24886.194193,1.5081009979
05042463,12,S35D,26909.648682,1.6307221472
05042464,12,S35D,25231.249657,1.5724969139
05042483,12,S35D,28605.46038,1.7334881746
05042484,12,S35D,18195.519996,1.1331995829
05042571,12,S35D,15304.250572,1.661728296
05042572,12,S35D,26618.991103,1.6131083256
05042573,12,S35D,31266.943026,1.8947737694
05042574,12,S35D,27606.038703,1.8279473091
05042581,12,S35D,19656.292539,1.3032488575
05042582,12,S35D,19644.811385,1.1904736989
05042583,12,S35D,14881.313144,0.9018061592
05042584,12,S35D,17333.161767,1.0802613329
05042872,12,S35B,36408.48608,1.0822616399
05043441,12,,29673.365898,0.8476017853
05043442,12,,36825.694046,1.0258893333
05043443,12,,48717.486221,1.3571706048
05043444,12,,39244.932718,1.1203009158
05043621,12,,22549.620136,0.7284800986
05043622,12,,33088.331441,1.0005689531
05043623,12,,40135.050636,1.2136570159
05043624,12,,30746.460184,0.9555144771
05043841,12,S35B,22668.977349,0.9294447244
05043842,12,S35B,37833.821394,1.1246304912
05043843,12,S35B,45826.174976,1.3635710292
05043844,12,S35B,30334.164068,0.9016991829
05044221,12,S35B,40645.333655,1.321886423
05044223,12,S35B,46367.058264,1.378285502
05044224,12,S35B,40637.973134,1.2423408993
05044291,12,,30173.174408,0.974763962
05044292,12,,37676.142562,1.1393012847
05044293,12,,45179.821593,1.3662075065
05044294,12,,34942.449899,1.0859141685
05044552,12,S35B,51852.490777,1.541342905
05044553,12,S35B,59144.68237,1.7581071839
05044554,12,S35B,50708.53196,1.6771853947
05044751,12,S35D,18258.178356,1.2105512795
05044752,12,S35D,15090.632322,0.9144908815
05044753,12,S35D,22125.487217,1.3408024181
05044754,12,S35D,20123.915065,1.2541905282
05044771,12,S35D,15056.402531,0.974763962
05044772,12,S35D,18800.380781,1.1393012847
05044773,12,S35D,22544.713758,1.3662075065
05044774,12,S35D,17436.269184,1.0859141685
05044813,12,,30242.104421,0.9145009568
05044814,12,,29675.681533,0.9805291204
05044871,12,,44909.263285,1.2679053469
05044872,12,,60828.790512,1.6945670397
05044873,12,,60875.474148,1.6958675514
05044874,12,,28777.113082,1.5427041613
05044941,12,,29134.339189,0.9654451793
05044942,12,,37287.021083,1.156575075
05044943,12,,36364.747399,1.1279678351
05045281,12,,23475.587762,0.9214430588
05045282,12,,28548.496098,1.0488876152
05045504,12,,41789.022927,1.1972666626
05045754,12,,28328.276395,0.8110352263
05091041,12,S35B,22124.203095,0.6918189322
05091042,12,S35B,26494.803237,0.8027314113
05091121,12,S35B,27739.288349,0.8284204615
05091122,12,S35B,16502.90674,0.5
05091123,12,S35B,19770.44574,0.5917152447
05091314,12,,38685.76572,1.286715917
05091361,12,S35D,20260.909663,1.3659252532
05091362,12,S35D,32514.773927,2.1128468381
05091363,12,S35D,21146.589524,1.3369117281
05091451,12,S35B,26738.718574,0.8285377643
05091452,12,S35B,21277.12549,0.9626131869
05091453,12,S35B,21773.566968,0.6894744435
05093132,12,,21779.27835,1.1115996484
05093133,12,,35190.63728,1.1387639978
05093371,12,S35D,16203.258504,1.023567235
05093372,12,S35D,18176.347546,1.1811196512
05093373,12,S35D,9426.0499156,0.5959257245
05093612,12,S35B,29313.676891,1.7160643167
05093613,12,S35B,27352.745724,0.9674590775
05093614,12,S35B,28713.804853,1.0807900306
05094474,12,S35B,28604.654283,0.9754825456
05095081,12,,36301.20032,1.0112779992
05095221,12,S35D,22457.496178,1.3609221295
05095222,12,S35D,25681.026973,1.5562677887
05095223,12,S35D,15407.959469,0.9698283311
05095321,12,S35D,16368.415405,1.1035058311
05095322,12,S35D,23298.018354,1.5139316215
05095323,12,S35D,17090.959744,1.0805101457
05095673,12,S35B,38607.420774,1.1972666626
05096111,12,,32545.150605,1.0258893333
05096801,12,S35B,31502.236524,0.940799093
05096803,12,S35B,33985.98059,1.0171759952
05096971,12,S35D,18620.752838,1.1453315139
05097131,12,S35D,16464.975441,1.0127332344
05097133,12,S35D,20268.600798,1.3125295806
05097351,12,S35D,15663.315309,0.9985062637
05097352,12,S35D,18564.334312,1.1466509534
05097353,12,S35D,16933.86911,1.0332247313
05097401,12,,30288.481073,1.0451766231
05097402,12,,33420.806414,1.1115996484
05097403,12,,35190.63728,1.1387639978
05097512,12,S35B,24247.760698,0.7368175524
05098011,12,,34499.087808,1.1904736989
05098012,12,,27113.258908,0.9018061592
05098013,12,,33382.759561,1.0802613329
05098161,12,S35D,14752.052665,0.9945358627
05098162,12,S35D,8269.287945,0.8245724707
05098163,12,S35D,12799.373446,0.8091911205
05098611,12,S35B,36544.573479,1.2085053985
05098612,12,S35B,59019.133221,1.8812122895
05098613,12,S35B,36367.234715,1.1277955601
05098711,12,S35B,27211.888571,0.8998795474
05098712,12,S35B,27015.538419,1.3213931376
05098713,12,S35B,38607.420774,1.1972666626
05099211,12,,38516.827491,1.4363433376
05099722,12,,62751.178633,1.9897417325
05099761,12,S35D,16770.391112,1.1306057382
05099762,12,S35D,21557.171145,1.3354338867
05099763,12,S35D,23309.419871,1.509443271
05100041,12,S35D,20120.062985,1.2375515856
05100391,12,,32302.401257,0.8998795474
05100751,12,S35B,43774.996006,1.3207414055
05100761,12,,16787.452693,0.8684694786
05101112,12,,53150.890073,1.9962500734
05101113,12,,36586.098644,1.4363993921
05101241,12,,26595.684915,1.0279028329
05101411,12,S35D,20508.394042,1.3073707262
05101412,12,S35D,28149.947277,1.7387191667
05101413,12,S35D,20906.268584,1.2756017895
05101553,12,,35606.477054,1.1035058311
05102071,12,,21433.451566,0.7210416004
05102072,12,,16912.934989,0.8415499722
05102073,12,,24484.650301,0.7724253485
05102261,12,,26088.263135,0.9991552202
05102262,12,,23660.648854,0.8963332866
05102263,12,,20331.829671,0.7957582173
05102271,12,S35B,40345.10187,1.2615824026
05102272,12,S35B,49850.91104,1.5103675923
05102273,12,S35B,46756.885489,1.3994000086
05103021,12,,29953.484776,0.9291022156
05103022,12,,43852.096917,1.3602116985
05103031,12,,31174.894083,0.8684694786
05103032,12,,40402.648802,1.1255360562
05103033,12,,31826.352967,0.9111847477
05103091,12,S35B,37833.821394,1.1246304912
05103093,12,S35B,29495.307761,0.9016991829
05103221,12,S35B,38908.472744,1.156575075
05103222,12,S35B,37946.093357,1.1279678351
05103223,12,S35B,32893.6554,1.0048743853
05103461,12,S35B,32179.77833,0.9565610498
05103571,12,S35D,29765.101684,1.8037623271
05103573,12,S35D,20211.690144,1.3383269149
05103802,12,S35B,25325.692488,0.7528196977
05104131,12,,36825.694046,1.0258893333
05104132,12,,48717.486221,1.3571706048
05104133,12,,39244.932718,1.1203009158
05104431,12,,36747.268491,1.1398329385
05104432,12,,19819.964426,0.6147789814
05104433,12,,23532.306565,0.7506884557
05104521,12,,29751.468661,0.9228360458
05104522,12,,35545.636011,1.1025605007
05104523,12,,26239.921103,0.8370622657
05104812,12,S35D,18663.54301,1.1310089288
05104981,12,,29004.58477,1.0656445665
05104982,12,,31434.037039,1.1549039932
05104983,12,,23872.301693,0.958357742
05105451,12,S35D,20533.049633,1.2443008521
05105452,12,S35D,28605.46038,1.7334881746
05105453,12,S35D,18195.519996,1.1331995829
05105631,12,S35B,71877.596355,2.1365998337
05105632,12,S35B,75151.464062,2.2339172949
05105633,12,S35B,76446.108091,2.4829768117
05105831,12,,27233.364605,1.0005689531
05105832,12,,33033.169695,1.2136570159
05105911,12,S35B,49030.584485,1.4574602375
05106291,12,,31174.894083,0.8684694786
05106293,12,,31826.352967,0.9111847477
05106301,12,,29758.581483,0.8998795474
05106302,12,,43697.832084,1.3213931376
05106303,12,,53379.010093,1.6600522992
05106662,12,S35B,37916.009617,1.1282017817
05106663,12,S35B,37832.833776,1.1246011338
05106672,12,S35D,22445.772876,1.3602116985
05106673,12,S35D,21037.277916,1.3111143938
05107561,12,,78466.180057,2.3727646641
05107562,12,,75894.404362,2.2949958917
05107861,12,S35D,16928.893493,1.0258893333
05107862,12,S35D,22395.589733,1.3571706048
05107863,12,S35D,17988.409122,1.1203009158
05107933,12,,41885.790763,1.1956878634
05108491,12,S35D,21991.636979,1.3326911064
05108701,12,,38418.58038,1.070263924
05108702,12,,49771.977008,1.3865465847
05108703,12,,34183.722467,0.9758216649
05108731,12,,41279.051828,1.1499508714
05108732,12,,49771.977008,1.3865465847
05108733,12,,34084.026118,0.9758216649
05109411,12,,38849.254724,1.0822616399
05109412,12,,51335.128041,1.4300928101
05109413,12,,32841.859102,0.9375163181
05109493,12,,12162.88336,0.7077739131
05109561,12,S35B,33948.834842,1.0091471968
05109562,12,S35B,28392.485424,0.8439817511
05109563,12,S35B,28331.319976,0.8661149861
05109651,12,,31479.520339,1.156575075
05109653,12,,26613.13645,1.0048743853
05109861,12,S35B,30424.403634,0.9043816021
05109862,12,S35B,29979.313212,0.8920430953
05110491,12,,33020.119299,0.9985062637
05110492,12,,37919.192552,1.1466509534
05110493,12,,67387.225973,2.2265752292
05110671,12,S35B,48889.164566,1.4532564551
05110672,12,S35B,46207.654942,1.3735471533
05110673,12,S35B,31539.223388,1.0243969547
05110703,12,,34942.449899,1.0859141685
05111411,12,S35D,26814.793363,1.6249739239
05111413,12,S35D,27699.723097,1.6786005815
05111543,12,S35D,14681.903738,0.9721694126
05111554,12,,75106.89803,1.0488876152
05112291,12,S35B,63494.012753,1.887393346
05112292,12,S35B,78158.922659,2.3233156035
05112362,12,S35D,14881.313144,0.9018061592
05112761,12,,48060.485323,1.7657689449
05112762,12,,52910.384596,1.94395694
05112763,12,,24487.150408,1.7312900187
05112962,12,S35D,20512.127879,1.2430329959
05112981,12,,39579.50671,1.2276837787
05112982,12,,52116.648702,1.6181811333
05113061,12,S35D,17935.358178,1.0868809974
05113062,12,S35D,24783.102086,1.501853626
05113124,12,S35B,27854.731605,0.8538581445
05113213,12,S35D,39614.418546,2.4312070955
05113233,12,S35B,28724.73829,0.8538581445
05113541,12,S35B,34512.058947,1.0258893333
05114001,12,S35D,29781.740572,1.8276158402
05114002,12,S35D,23147.279024,1.4076496781
05114003,12,S35D,20738.265283,1.9187949631
05114012,12,S35D,21809.366601,1.3865465847
05114013,12,S35D,13964.131542,0.9758216649
05114064,12,,56677.953158,1.6811122578
05114382,12,S35B,53575.050126,1.6485992744
05114383,12,S35B,25074.512245,0.8439675991
05114541,12,,50392.433719,1.543122432
05114542,12,,44007.585331,1.3354338867
05114543,12,,32693.426318,1.509443271
05114552,12,,37256.626294,1.1310089288
05114553,12,,36164.64179,1.1956878634
05114651,12,,37049.062098,1.0451766231
05114652,12,,39747.377065,1.1115996484
05114653,12,,37387.175541,1.1387639978
05115911,12,S35B,47568.767465,1.4319057702
05115913,12,S35B,19882.010111,0.6416706407
05116001,12,,32808.628826,0.9168029555
05116002,12,,24740.410114,0.7134759554
05116003,12,,21897.811421,0.6907389091
05116291,12,S35D,14663.901809,0.8998795474
05116292,12,S35D,21720.496737,1.3213931376
05116671,12,S35D,16859.601611,1.0330538442
05116672,12,S35D,11058.95485,0.6701716106
05116673,12,S35D,9303.6194011,0.8711451649
05116831,12,,23637.081091,0.7424596926
05116832,12,,34996.435145,1.0897585891
05116833,12,,22329.413222,0.9881504946
05117191,12,S35B,40939.701282,1.2323589115
05117192,12,S35B,31238.401716,0.9318395671
05117193,12,S35B,31181.110171,1.1130035461
05117561,12,S35D,16857.068281,1.034467577
05117562,12,S35D,16232.027167,0.98749534
05118141,12,S35D,19399.251242,1.1904736989
05118142,12,S35D,14823.504966,0.9018061592
05118143,12,S35D,16304.045996,1.0802613329
05118531,12,S35D,16717.282324,1.0258893333
05118532,12,S35D,21347.303859,1.3571706048
05118533,12,S35D,16031.64791,1.1203009158
05118891,12,S35D,23118.174539,1.4186928357
05119761,12,,24018.378941,1.2443008521
05119762,12,,37059.545159,1.7334881746
05119763,12,,22316.305891,1.1331995829
05119921,12,S35D,18846.859432,1.156575075
05119923,12,S35D,14379.879649,1.0048743853
05120423,12,,31221.682034,1.2541905282
05120693,12,S35B,30915.857672,1.3111143938
05120802,12,,59580.168982,1.8545586315
05120803,12,,67679.381921,2.2792646665
05120853,12,,36305.831401,1.2312720601
05120881,12,,37900.136043,1.1904736989
05120882,12,,28960.543261,0.9018061592
05120883,12,,31853.062449,1.0802613329
05120911,12,,31400.949593,0.9524743479
05120912,12,,51682.843607,1.6178618335
05120913,12,,43780.498279,1.499051285
05121123,12,,32099.834218,1.6825894175
05121191,12,S35B,37580.958637,1.1312546948
05121382,12,,38198.564767,1.2430329959
05121451,12,,22949.704986,0.8538581445
05121452,12,,28697.21238,1.1061267758
05121852,12,S35B,24977.74668,0.9452745766
05122051,12,S35D,19722.083205,1.2102849254
05122053,12,S35D,11104.367431,0.9600534365
05122101,12,S35B,26020.992806,0.9248417852
05122171,12,S35B,23871.592628,1.0005689531
05122172,12,S35B,32069.430671,1.2136570159
05122173,12,S35B,23257.833058,0.9555144771
05122451,12,S35D,18846.859432,1.156575075
05122453,12,S35D,15112.043655,1.0048743853
05122553,12,,28900.489403,1.0802613329
05123341,12,S35B,36106.837828,1.0868809974
05123342,12,S35B,48159.114349,1.501853626
05123851,12,,24037.036026,0.8998795474
05123853,12,,33036.191087,1.1972666626
05123892,12,S35D,24417.775995,1.4854854393
05123893,12,S35D,15253.991628,1.0106876129
05124771,12,S35D,21304.135663,1.3073707262
05124772,12,S35D,32606.562757,1.9828947291
05125071,12,S35B,38333.08124,1.1538949428
05125072,12,S35B,45334.243244,1.3528397877
05125073,12,S35B,23043.081185,0.9772368517
05125082,12,,74314.710241,1.0887881655
05125083,12,,43577.912486,0.7217864565
05201611,12,,38354.32457,1.27569195
05201612,12,,30886.117815,0.9994703625
05202701,12,S35D,25897.511797,1.6181811333
05202702,12,S35D,18355.434845,1.1849378329
05202951,12,S35B,37864.285608,1.1255360562
05202961,12,S35B,41027.315212,1.2430329959
05203051,12,,19281.239229,0.5942743872
05203052,12,,22583.90452,0.6876031179
05203511,12,,13639.370727,0.8245724707
05203641,12,S35B,21025.244088,0.6701716106
05203851,12,,41283.322671,1.3090295953
05203852,12,,30787.153025,1.0204672232
05203991,12,S35D,21409.648751,1.3377613244
05203992,12,S35D,9788.807423,1.0633770502
05205341,12,,33540.612496,1.3213931376
05205342,12,,31235.949442,1.1972666626
05205681,12,,35268.210401,1.1279678351
05205682,12,,30411.419276,1.0048743853
05206041,12,S35D,19708.582132,2.2464583088
05206284,12,S35D,15113.913098,1.5070846181
05206601,12,S35B,45770.392437,1.3908265159
05206602,12,S35B,51311.879243,1.6298999802
05206962,12,,32721.058018,1.2541905282
05207381,12,S35D,13330.727596,0.9612311285
05207631,12,S35B,27728.408245,0.8425841112
05208032,12,,28029.306088,0.8110352263
05209321,12,S35B,45238.445024,1.3865465847
05209322,12,S35B,30816.397285,0.9758216649
05209781,12,S35B,29764.845886,0.9018061592
05209782,12,S35B,33574.958038,1.0048743853
05209791,12,,34415.476864,1.2925822714
05209841,12,,26513.159603,0.7528196977
05209842,12,,22495.399421,0.6309717787
05210022,12,S35D,8832.7275983,0.5584152047
05211061,12,S35D,18052.095477,1.1279678351
05211661,12,S35D,33018.298357,2.045433244
05211662,12,S35D,13796.236205,1.3397421017
05212011,12,S35D,11342.40935,1.1310089288
05212012,12,S35D,18912.782283,1.1956878634
05212062,12,S35B,44053.818313,1.3993507674
05212701,12,S35D,22643.799498,1.3986245802
05213421,12,S35B,42000.504667,1.2528724242
05213422,12,S35B,21823.263909,0.7043225336
05213431,12,,33910.22152,0.9910593691
05213432,12,,22164.242296,0.7120115619
05215202,12,S35B,17819.919609,0.7195220539
05215212,12,,27461.082381,0.9111847477
05215401,12,S35B,29718.825769,0.9145009568
05215411,12,S35D,24417.775995,1.4854854393
05216051,12,,35697.837478,1.1115996484
05216052,12,,33578.097846,1.1387639978
05216102,12,S35D,19235.250592,1.3198768923
05216241,12,,43528.082813,1.3213931376
05216242,12,,27751.668117,1.1972666626
05216284,12,S35D,23786.427059,1.4465180274
05217121,12,S35D,17742.111445,1.1279678351
05217122,12,S35D,14379.879649,1.0048743853
05217351,12,,29263.854045,1.1279678351
05217352,12,,23718.185997,1.0048743853
05217711,12,S35B,37946.093357,1.1279678351
05217712,12,S35B,19964.507635,1.0048743853
05217721,12,S35D,20769.286338,1.3204227141
05217722,12,S35D,13999.601647,0.9309026245
05217731,12,S35B,23746.99488,0.7083713703
05217732,12,S35B,12415.697791,0.5634884001
05218231,12,,23254.356779,0.8963332866
05218672,12,,87076.48351,2.6337387261
05218681,12,,44703.220648,1.3920194574
05218682,12,,37162.492739,1.2603247805
05219031,12,,26246.892443,0.9680860595
05219032,12,,24246.090986,0.9739775592
05219451,12,S35D,21347.303859,1.3571706048
05219452,12,S35D,16031.64791,1.1203009158
05219511,12,,34662.597492,1.1279678351
05219512,12,,28093.836621,1.0048743853
05219932,12,S35B,30541.134152,1.0901597289
05220071,12,S35B,76902.893338,2.2940084927
05220072,12,S35B,52377.708576,1.6904346005
05220141,12,,43681.748387,1.3602116985
05220681,12,,34706.709645,1.3377613244
05220682,12,,26376.971237,1.0633770502
05220711,12,S35D,21347.303859,1.3571706048
05220712,12,S35D,16847.913125,1.1203009158
05221022,12,S35D,17187.008395,1.1387639978
05221392,12,S35D,13072.002247,0.8661149861
05221572,12,S35D,14105.900703,0.8578186042
05221573,12,S35D,11963.723029,0.9078218252
05222014,12,,34734.697767,1.0579730273
05222701,12,,28247.381679,1.0887881655
05222742,12,S35D,10681.054281,0.7463983091
05223461,12,,96889.445263,1.0887881655
05223462,12,,56815.666142,0.7217864565
05223482,12,,41176.785999,1.2541905282
05223911,12,S35D,34309.295524,2.079140041
05223912,12,S35D,19164.368692,1.3383269149
05224942,12,S35D,14749.129765,0.9772368517
05225011,12,S35B,58722.788705,1.74556617
05225012,12,S35B,42184.717189,1.2896263137
05226151,12,S35D,30577.248801,1.8529783651
05226351,12,S35B,69876.137134,2.0771053923
05227741,12,S35D,27101.315271,1.6423371242
05227742,12,S35D,19933.783725,1.2423408993
05227822,12,,34762.508006,0.9684131443
05228191,12,,32175.103398,0.8963332866
05229262,12,,32585.861168,1.2312720601
05229651,12,,61747.523483,1.7201610816
05229671,12,S35D,14881.313144,0.9018061592
05229672,12,S35D,17333.161767,1.0802613329
05231652,12,,63277.215663,1.9378325375
05231761,12,,35837.050636,1.1115996484
05232021,12,S35D,30246.414367,1.8329298299
05232022,12,S35D,39710.545613,2.4371065841
05232741,12,,35965.51841,1.3213931376
05232971,12,,32721.966262,0.9115677796
05232972,12,,19490.75049,0.5584152047
05233081,12,S35D,30382.736078,1.8411909126
05233082,12,S35D,36617.151844,2.4246225581
05233802,12,,38498.13003,1.1972666626
05233873,12,,58139.754415,1.7581071839
05233874,12,,28821.930211,1.6771853947
05234171,12,,43754.054578,1.3571706048
05234172,12,,35143.786964,1.1203009158
05234241,12,,43754.054578,1.3571706048
05234542,12,,73012.996276,2.0339943622
05234622,12,,31773.996067,0.9881504946
05235602,12,,46707.977977,1.4124179308
05235891,12,S35B,45656.729622,1.3571706048
05236272,12,S35D,11623.455537,0.7217864565
05236741,12,,27667.347908,0.837479526
05236742,12,,35225.640417,1.0651997432
05251951,12,,22761.108429,0.9013683555
05252101,12,,16168.341842,0.5402806022
05252431,12,,14503.125194,0.8767980005
05252551,12,,33630.648419,1.1203009158
05252621,12,S35B,23070.234557,0.6698974853
05253131,12,,31630.882033,1.219803781
05253271,12,,19985.206075,1.1203009158
05253281,12,S35D,13868.166909,1.0048743853
05254391,12,,19985.206075,1.1203009158
05254601,12,S35D,10379.970562,0.7957582173
05254801,12,S35B,35857.436841,1.0048743853
05254871,12,,36323.239934,1.1401791846
05256081,12,,23139.782805,0.9111847477
05256171,12,,36718.231336,1.1203009158
05256291,12,S35D,7215.9353655,0.9309026245
05257091,12,S35D,12189.968415,0.9111847477
05257361,12,S35D,15946.830213,1.1972666626
05257771,12,,29118.632629,0.9140280126
05257881,12,S35B,21280.660688,0.6309717787
05257961,12,,35250.333927,1.0802613329
05258001,12,,31046.469243,1.1972666626
05258221,12,,40895.332256,1.3886499781
05258391,12,S35B,34759.065911,1.0048743853
05260051,12,S35B,21825.603243,0.6309717787
05260261,12,S35D,13176.241458,0.9892545682
05260441,12,S35B,44972.801454,1.2603247805
05260531,12,S35B,36782.699922,1.0633770502
05261321,12,,34852.532901,1.0633770502
05261701,12,,44578.528443,1.3184617055
05262271,12,,25389.951215,0.7509372685
05262921,12,S35D,19083.183554,1.4675411246
05263241,12,S35D,14766.012733,1.1355406644
05263581,12,,31362.242645,1.1387639978
05263611,12,,29285.634495,1.0048743853
05264041,12,S35B,65730.777996,2.0715636852
05264111,12,S35D,9140.417444,0.7217864565
05264331,12,S35D,19327.368999,1.5207586639
05264401,12,S35D,17047.44382,1.3413645637
05264461,12,S35B,29844.203833,0.8767980005
05265761,12,S35B,49972.712164,1.5207586639
05266251,12,,33381.877201,1.3397421017
05266471,12,S35B,33101.540464,1.0073388509
05266611,12,S35B,28699.173669,0.9211277299
05266861,12,,16232.973171,0.5570000179
05266891,12,,32649.576527,1.1203009158
05267091,12,,30504.887636,1.0859141685
05267721,12,,31004.707331,1.3762305117
05267751,12,S35D,13729.074766,1.0802613329
05267761,12,,29296.445794,1.0802613329
05267821,12,S35B,31708.679726,0.9684131443
05267901,12,S35B,23206.622949,0.8087981608
05268651,12,S35D,7867.3095465,0.864443283
05269771,12,S35D,23746.070689,1.9350021639
05270091,12,S35D,22426.489722,1.9380398127
05270351,12,S35D,14009.199905,1.1023027568
05270401,12,,31175.971921,1.0048743853
05270501,12,S35D,13228.543829,1.0048743853
05271111,12,S35B,33214.743482,0.9758216649
05271171,12,S35B,24052.623146,0.7268596519
05271371,12,,44735.012625,1.8891319363
05271651,12,,39063.006666,1.4403882281
05271821,12,S35D,13729.074766,1.0802613329
05271881,12,,39452.138631,1.2670891954
05272171,12,,57291.371925,2.2265752292
05272821,12,,33965.877773,1.1613011161
05273341,12,,31562.064697,1.2756017895
05273621,12,,40822.908927,1.3111143938
05274061,12,,40822.908927,1.3111143938
05274391,12,,37630.597375,1.2085865305
05274534,12,S35B,19741.115753,0.8110352263
05275171,12,S35D,17119.931591,1.2670891954
05275361,12,S35D,8767.663467,0.6309717787
05275381,12,,41570.297306,1.3369117281
05275691,12,S35B,39897.490416,2.227990416
05276431,12,S35D,14987.179555,1.2000970362
05276511,12,,28906.722755,0.9296478297
05276661,12,S35B,44265.177206,1.2670891954
05276731,12,,31772.354389,1.1019982258
05277111,12,,44259.941684,1.6825894175
05277601,12,S35D,19054.899015,1.4983744319
05277891,12,S35D,14409.530876,1.0664856215
05278031,12,,53821.698694,1.8390161483
05279081,12,S35B,40250.271098,1.1203009158
05279461,12,S35D,16021.364816,1.1849378329
05279571,12,,21535.167599,0.7463983091
05279591,12,S35D,15147.418857,1.1203009158
05280651,12,,14370.729921,0.9326465314
05281061,12,S35B,39460.523567,1.2000970362
05281181,12,S35B,30477.954941,0.9269137885
05281472,12,,30406.17968,0.8711451649
05281481,12,,28352.799405,0.9111847477
05281541,12,S35D,11870.375476,0.8542608821
05281561,12,,39168.241147,1.3383269149
05281591,12,S35D,11702.277446,0.8661149861
05281931,12,,37859.598269,0.5570000179
05282091,12,S35B,32399.907185,0.9240834149
05282671,12,,39399.216461,1.2670891954
05282831,12,S35D,15147.418857,1.1203009158
05283051,12,,41570.297306,1.3369117281
05283531,12,S35D,12933.255868,0.9307519033
05284054,12,,35098.795227,1.0048743853
05284241,12,,23585.327631,0.7120115619
05284881,12,,22959.305197,0.7957582173
05284983,12,,21415.40474,0.8091911205
05285091,12,S35D,12319.990848,0.9111847477
05285431,12,,37228.135615,1.1972666626
05286161,12,S35B,37175.036966,1.0633770502
